<annotation>
	<folder>selected_images</folder>
	<filename>001.jpg</filename>
	<path>/home/leikun/keras_YOLOv3/selected_images/001.jpg</path>
	<source>
		<database>Unknown</database>
	</source>
	<size>
		<width>640</width>
		<height>480</height>
		<depth>3</depth>
	</size>
	<segmented>0</segmented>
	<object>
		<name>human_face</name>
		<pose>Unspecified</pose>
		<truncated>0</truncated>
		<difficult>0</difficult>
		<bndbox>
			<xmin>296</xmin>
			<ymin>41</ymin>
			<xmax>416</xmax>
			<ymax>195</ymax>
		</bndbox>
	</object>
	<object>
		<name>fish</name>
		<pose>Unspecified</pose>
		<truncated>0</truncated>
		<difficult>0</difficult>
		<bndbox>
			<xmin>178</xmin>
			<ymin>304</ymin>
			<xmax>505</xmax>
			<ymax>454</ymax>
		</bndbox>
	</object>
</annotation>
