<annotation>
	<folder>selected_images</folder>
	<filename>002.jpg</filename>
	<path>/home/leikun/keras_YOLOv3/selected_images/002.jpg</path>
	<source>
		<database>Unknown</database>
	</source>
	<size>
		<width>510</width>
		<height>429</height>
		<depth>3</depth>
	</size>
	<segmented>0</segmented>
	<object>
		<name>fish</name>
		<pose>Unspecified</pose>
		<truncated>0</truncated>
		<difficult>0</difficult>
		<bndbox>
			<xmin>50</xmin>
			<ymin>196</ymin>
			<xmax>423</xmax>
			<ymax>373</ymax>
		</bndbox>
	</object>
	<object>
		<name>human_face</name>
		<pose>Unspecified</pose>
		<truncated>0</truncated>
		<difficult>0</difficult>
		<bndbox>
			<xmin>242</xmin>
			<ymin>12</ymin>
			<xmax>378</xmax>
			<ymax>175</ymax>
		</bndbox>
	</object>
</annotation>
