<annotation>
	<folder>selected_images</folder>
	<filename>003.jpg</filename>
	<path>/home/leikun/keras_YOLOv3/selected_images/003.jpg</path>
	<source>
		<database>Unknown</database>
	</source>
	<size>
		<width>640</width>
		<height>480</height>
		<depth>3</depth>
	</size>
	<segmented>0</segmented>
	<object>
		<name>fish</name>
		<pose>Unspecified</pose>
		<truncated>0</truncated>
		<difficult>0</difficult>
		<bndbox>
			<xmin>173</xmin>
			<ymin>183</ymin>
			<xmax>426</xmax>
			<ymax>281</ymax>
		</bndbox>
	</object>
	<object>
		<name>human_face</name>
		<pose>Unspecified</pose>
		<truncated>0</truncated>
		<difficult>0</difficult>
		<bndbox>
			<xmin>237</xmin>
			<ymin>7</ymin>
			<xmax>308</xmax>
			<ymax>100</ymax>
		</bndbox>
	</object>
</annotation>
