<annotation>
	<folder>selected_images</folder>
	<filename>004.jpg</filename>
	<path>/home/leikun/keras_YOLOv3/selected_images/004.jpg</path>
	<source>
		<database>Unknown</database>
	</source>
	<size>
		<width>700</width>
		<height>525</height>
		<depth>3</depth>
	</size>
	<segmented>0</segmented>
	<object>
		<name>fish</name>
		<pose>Unspecified</pose>
		<truncated>0</truncated>
		<difficult>0</difficult>
		<bndbox>
			<xmin>64</xmin>
			<ymin>168</ymin>
			<xmax>688</xmax>
			<ymax>367</ymax>
		</bndbox>
	</object>
</annotation>
