<annotation>
	<folder>selected_images</folder>
	<filename>006.jpg</filename>
	<path>/home/leikun/keras_YOLOv3/selected_images/006.jpg</path>
	<source>
		<database>Unknown</database>
	</source>
	<size>
		<width>944</width>
		<height>708</height>
		<depth>3</depth>
	</size>
	<segmented>0</segmented>
	<object>
		<name>fish</name>
		<pose>Unspecified</pose>
		<truncated>0</truncated>
		<difficult>0</difficult>
		<bndbox>
			<xmin>182</xmin>
			<ymin>269</ymin>
			<xmax>760</xmax>
			<ymax>452</ymax>
		</bndbox>
	</object>
	<object>
		<name>human_face</name>
		<pose>Unspecified</pose>
		<truncated>0</truncated>
		<difficult>0</difficult>
		<bndbox>
			<xmin>435</xmin>
			<ymin>159</ymin>
			<xmax>552</xmax>
			<ymax>312</ymax>
		</bndbox>
	</object>
</annotation>
