<annotation>
	<folder>selected_images</folder>
	<filename>007.jpg</filename>
	<path>/home/leikun/keras_YOLOv3/selected_images/007.jpg</path>
	<source>
		<database>Unknown</database>
	</source>
	<size>
		<width>640</width>
		<height>480</height>
		<depth>3</depth>
	</size>
	<segmented>0</segmented>
	<object>
		<name>human_face</name>
		<pose>Unspecified</pose>
		<truncated>0</truncated>
		<difficult>0</difficult>
		<bndbox>
			<xmin>221</xmin>
			<ymin>76</ymin>
			<xmax>310</xmax>
			<ymax>189</ymax>
		</bndbox>
	</object>
	<object>
		<name>fish</name>
		<pose>Unspecified</pose>
		<truncated>0</truncated>
		<difficult>0</difficult>
		<bndbox>
			<xmin>373</xmin>
			<ymin>150</ymin>
			<xmax>464</xmax>
			<ymax>401</ymax>
		</bndbox>
	</object>
</annotation>
