<annotation>
	<folder>selected_images</folder>
	<filename>008.jpg</filename>
	<path>/home/leikun/keras_YOLOv3/selected_images/008.jpg</path>
	<source>
		<database>Unknown</database>
	</source>
	<size>
		<width>800</width>
		<height>600</height>
		<depth>3</depth>
	</size>
	<segmented>0</segmented>
	<object>
		<name>fish</name>
		<pose>Unspecified</pose>
		<truncated>0</truncated>
		<difficult>0</difficult>
		<bndbox>
			<xmin>205</xmin>
			<ymin>354</ymin>
			<xmax>619</xmax>
			<ymax>541</ymax>
		</bndbox>
	</object>
	<object>
		<name>human_face</name>
		<pose>Unspecified</pose>
		<truncated>0</truncated>
		<difficult>0</difficult>
		<bndbox>
			<xmin>323</xmin>
			<ymin>25</ymin>
			<xmax>484</xmax>
			<ymax>211</ymax>
		</bndbox>
	</object>
</annotation>
