<annotation>
	<folder>selected_images</folder>
	<filename>009.jpg</filename>
	<path>/home/leikun/keras_YOLOv3/selected_images/009.jpg</path>
	<source>
		<database>Unknown</database>
	</source>
	<size>
		<width>552</width>
		<height>484</height>
		<depth>3</depth>
	</size>
	<segmented>0</segmented>
	<object>
		<name>human_face</name>
		<pose>Unspecified</pose>
		<truncated>0</truncated>
		<difficult>0</difficult>
		<bndbox>
			<xmin>190</xmin>
			<ymin>39</ymin>
			<xmax>331</xmax>
			<ymax>239</ymax>
		</bndbox>
	</object>
	<object>
		<name>fish</name>
		<pose>Unspecified</pose>
		<truncated>0</truncated>
		<difficult>0</difficult>
		<bndbox>
			<xmin>69</xmin>
			<ymin>255</ymin>
			<xmax>520</xmax>
			<ymax>457</ymax>
		</bndbox>
	</object>
</annotation>
