<annotation>
	<folder>selected_images</folder>
	<filename>010.jpg</filename>
	<path>/home/leikun/keras_YOLOv3/selected_images/010.jpg</path>
	<source>
		<database>Unknown</database>
	</source>
	<size>
		<width>1065</width>
		<height>811</height>
		<depth>3</depth>
	</size>
	<segmented>0</segmented>
	<object>
		<name>human_face</name>
		<pose>Unspecified</pose>
		<truncated>0</truncated>
		<difficult>0</difficult>
		<bndbox>
			<xmin>478</xmin>
			<ymin>25</ymin>
			<xmax>691</xmax>
			<ymax>305</ymax>
		</bndbox>
	</object>
	<object>
		<name>fish</name>
		<pose>Unspecified</pose>
		<truncated>0</truncated>
		<difficult>0</difficult>
		<bndbox>
			<xmin>58</xmin>
			<ymin>320</ymin>
			<xmax>973</xmax>
			<ymax>738</ymax>
		</bndbox>
	</object>
</annotation>
