<annotation>
	<folder>selected_images</folder>
	<filename>011.jpg</filename>
	<path>/home/leikun/keras_YOLOv3/selected_images/011.jpg</path>
	<source>
		<database>Unknown</database>
	</source>
	<size>
		<width>640</width>
		<height>480</height>
		<depth>3</depth>
	</size>
	<segmented>0</segmented>
	<object>
		<name>human_face</name>
		<pose>Unspecified</pose>
		<truncated>0</truncated>
		<difficult>0</difficult>
		<bndbox>
			<xmin>272</xmin>
			<ymin>84</ymin>
			<xmax>365</xmax>
			<ymax>206</ymax>
		</bndbox>
	</object>
	<object>
		<name>fish</name>
		<pose>Unspecified</pose>
		<truncated>0</truncated>
		<difficult>0</difficult>
		<bndbox>
			<xmin>146</xmin>
			<ymin>233</ymin>
			<xmax>438</xmax>
			<ymax>354</ymax>
		</bndbox>
	</object>
</annotation>
