<annotation>
	<folder>selected_images</folder>
	<filename>012.jpg</filename>
	<path>/home/leikun/keras_YOLOv3/selected_images/012.jpg</path>
	<source>
		<database>Unknown</database>
	</source>
	<size>
		<width>500</width>
		<height>418</height>
		<depth>3</depth>
	</size>
	<segmented>0</segmented>
	<object>
		<name>human_face</name>
		<pose>Unspecified</pose>
		<truncated>0</truncated>
		<difficult>0</difficult>
		<bndbox>
			<xmin>216</xmin>
			<ymin>25</ymin>
			<xmax>333</xmax>
			<ymax>181</ymax>
		</bndbox>
	</object>
	<object>
		<name>fish</name>
		<pose>Unspecified</pose>
		<truncated>0</truncated>
		<difficult>0</difficult>
		<bndbox>
			<xmin>27</xmin>
			<ymin>199</ymin>
			<xmax>367</xmax>
			<ymax>362</ymax>
		</bndbox>
	</object>
</annotation>
