<annotation>
	<folder>selected_images</folder>
	<filename>013.jpg</filename>
	<path>/home/leikun/keras_YOLOv3/selected_images/013.jpg</path>
	<source>
		<database>Unknown</database>
	</source>
	<size>
		<width>425</width>
		<height>425</height>
		<depth>3</depth>
	</size>
	<segmented>0</segmented>
	<object>
		<name>human_face</name>
		<pose>Unspecified</pose>
		<truncated>0</truncated>
		<difficult>0</difficult>
		<bndbox>
			<xmin>165</xmin>
			<ymin>32</ymin>
			<xmax>285</xmax>
			<ymax>148</ymax>
		</bndbox>
	</object>
	<object>
		<name>fish</name>
		<pose>Unspecified</pose>
		<truncated>0</truncated>
		<difficult>0</difficult>
		<bndbox>
			<xmin>41</xmin>
			<ymin>266</ymin>
			<xmax>383</xmax>
			<ymax>419</ymax>
		</bndbox>
	</object>
</annotation>
