<annotation>
	<folder>selected_images</folder>
	<filename>014.jpg</filename>
	<path>/home/leikun/keras_YOLOv3/selected_images/014.jpg</path>
	<source>
		<database>Unknown</database>
	</source>
	<size>
		<width>600</width>
		<height>568</height>
		<depth>3</depth>
	</size>
	<segmented>0</segmented>
	<object>
		<name>human_face</name>
		<pose>Unspecified</pose>
		<truncated>0</truncated>
		<difficult>0</difficult>
		<bndbox>
			<xmin>186</xmin>
			<ymin>21</ymin>
			<xmax>337</xmax>
			<ymax>234</ymax>
		</bndbox>
	</object>
	<object>
		<name>fish</name>
		<pose>Unspecified</pose>
		<truncated>0</truncated>
		<difficult>0</difficult>
		<bndbox>
			<xmin>11</xmin>
			<ymin>253</ymin>
			<xmax>585</xmax>
			<ymax>520</ymax>
		</bndbox>
	</object>
</annotation>
