<annotation>
	<folder>selected_images</folder>
	<filename>015.jpg</filename>
	<path>/home/leikun/keras_YOLOv3/selected_images/015.jpg</path>
	<source>
		<database>Unknown</database>
	</source>
	<size>
		<width>627</width>
		<height>471</height>
		<depth>3</depth>
	</size>
	<segmented>0</segmented>
	<object>
		<name>human_face</name>
		<pose>Unspecified</pose>
		<truncated>0</truncated>
		<difficult>0</difficult>
		<bndbox>
			<xmin>265</xmin>
			<ymin>5</ymin>
			<xmax>396</xmax>
			<ymax>141</ymax>
		</bndbox>
	</object>
	<object>
		<name>fish</name>
		<pose>Unspecified</pose>
		<truncated>0</truncated>
		<difficult>0</difficult>
		<bndbox>
			<xmin>98</xmin>
			<ymin>240</ymin>
			<xmax>553</xmax>
			<ymax>458</ymax>
		</bndbox>
	</object>
</annotation>
