<annotation>
	<folder>selected_images</folder>
	<filename>016.jpg</filename>
	<path>/home/leikun/keras_YOLOv3/selected_images/016.jpg</path>
	<source>
		<database>Unknown</database>
	</source>
	<size>
		<width>1024</width>
		<height>768</height>
		<depth>3</depth>
	</size>
	<segmented>0</segmented>
	<object>
		<name>human_face</name>
		<pose>Unspecified</pose>
		<truncated>0</truncated>
		<difficult>0</difficult>
		<bndbox>
			<xmin>342</xmin>
			<ymin>17</ymin>
			<xmax>622</xmax>
			<ymax>348</ymax>
		</bndbox>
	</object>
	<object>
		<name>fish</name>
		<pose>Unspecified</pose>
		<truncated>1</truncated>
		<difficult>0</difficult>
		<bndbox>
			<xmin>17</xmin>
			<ymin>402</ymin>
			<xmax>746</xmax>
			<ymax>768</ymax>
		</bndbox>
	</object>
</annotation>
