<annotation>
	<folder>selected_images</folder>
	<filename>017.jpg</filename>
	<path>/home/leikun/keras_YOLOv3/selected_images/017.jpg</path>
	<source>
		<database>Unknown</database>
	</source>
	<size>
		<width>640</width>
		<height>480</height>
		<depth>3</depth>
	</size>
	<segmented>0</segmented>
	<object>
		<name>human_face</name>
		<pose>Unspecified</pose>
		<truncated>0</truncated>
		<difficult>0</difficult>
		<bndbox>
			<xmin>273</xmin>
			<ymin>63</ymin>
			<xmax>360</xmax>
			<ymax>177</ymax>
		</bndbox>
	</object>
	<object>
		<name>fish</name>
		<pose>Unspecified</pose>
		<truncated>0</truncated>
		<difficult>0</difficult>
		<bndbox>
			<xmin>114</xmin>
			<ymin>228</ymin>
			<xmax>503</xmax>
			<ymax>400</ymax>
		</bndbox>
	</object>
</annotation>
