<annotation>
	<folder>selected_images</folder>
	<filename>018.jpg</filename>
	<path>/home/leikun/keras_YOLOv3/selected_images/018.jpg</path>
	<source>
		<database>Unknown</database>
	</source>
	<size>
		<width>599</width>
		<height>465</height>
		<depth>3</depth>
	</size>
	<segmented>0</segmented>
	<object>
		<name>human_face</name>
		<pose>Unspecified</pose>
		<truncated>0</truncated>
		<difficult>0</difficult>
		<bndbox>
			<xmin>246</xmin>
			<ymin>82</ymin>
			<xmax>345</xmax>
			<ymax>193</ymax>
		</bndbox>
	</object>
	<object>
		<name>fish</name>
		<pose>Unspecified</pose>
		<truncated>0</truncated>
		<difficult>0</difficult>
		<bndbox>
			<xmin>134</xmin>
			<ymin>297</ymin>
			<xmax>415</xmax>
			<ymax>423</ymax>
		</bndbox>
	</object>
</annotation>
