<annotation>
	<folder>selected_images</folder>
	<filename>019.jpg</filename>
	<path>/home/leikun/keras_YOLOv3/selected_images/019.jpg</path>
	<source>
		<database>Unknown</database>
	</source>
	<size>
		<width>800</width>
		<height>600</height>
		<depth>3</depth>
	</size>
	<segmented>0</segmented>
	<object>
		<name>human_face</name>
		<pose>Unspecified</pose>
		<truncated>0</truncated>
		<difficult>0</difficult>
		<bndbox>
			<xmin>286</xmin>
			<ymin>70</ymin>
			<xmax>403</xmax>
			<ymax>240</ymax>
		</bndbox>
	</object>
	<object>
		<name>fish</name>
		<pose>Unspecified</pose>
		<truncated>0</truncated>
		<difficult>0</difficult>
		<bndbox>
			<xmin>231</xmin>
			<ymin>245</ymin>
			<xmax>704</xmax>
			<ymax>432</ymax>
		</bndbox>
	</object>
</annotation>
