<annotation>
	<folder>selected_images</folder>
	<filename>020.jpg</filename>
	<path>/home/leikun/keras_YOLOv3/selected_images/020.jpg</path>
	<source>
		<database>Unknown</database>
	</source>
	<size>
		<width>757</width>
		<height>503</height>
		<depth>3</depth>
	</size>
	<segmented>0</segmented>
	<object>
		<name>human_face</name>
		<pose>Unspecified</pose>
		<truncated>0</truncated>
		<difficult>0</difficult>
		<bndbox>
			<xmin>351</xmin>
			<ymin>29</ymin>
			<xmax>481</xmax>
			<ymax>189</ymax>
		</bndbox>
	</object>
	<object>
		<name>fish</name>
		<pose>Unspecified</pose>
		<truncated>0</truncated>
		<difficult>0</difficult>
		<bndbox>
			<xmin>192</xmin>
			<ymin>190</ymin>
			<xmax>552</xmax>
			<ymax>319</ymax>
		</bndbox>
	</object>
</annotation>
