<annotation>
	<folder>selected_images</folder>
	<filename>021.jpg</filename>
	<path>/home/leikun/keras_YOLOv3/selected_images/021.jpg</path>
	<source>
		<database>Unknown</database>
	</source>
	<size>
		<width>1200</width>
		<height>909</height>
		<depth>3</depth>
	</size>
	<segmented>0</segmented>
	<object>
		<name>human_face</name>
		<pose>Unspecified</pose>
		<truncated>0</truncated>
		<difficult>0</difficult>
		<bndbox>
			<xmin>493</xmin>
			<ymin>56</ymin>
			<xmax>768</xmax>
			<ymax>386</ymax>
		</bndbox>
	</object>
	<object>
		<name>fish</name>
		<pose>Unspecified</pose>
		<truncated>1</truncated>
		<difficult>0</difficult>
		<bndbox>
			<xmin>74</xmin>
			<ymin>472</ymin>
			<xmax>1118</xmax>
			<ymax>909</ymax>
		</bndbox>
	</object>
</annotation>
