<annotation>
	<folder>selected_images</folder>
	<filename>022.jpg</filename>
	<path>/home/leikun/keras_YOLOv3/selected_images/022.jpg</path>
	<source>
		<database>Unknown</database>
	</source>
	<size>
		<width>425</width>
		<height>429</height>
		<depth>3</depth>
	</size>
	<segmented>0</segmented>
	<object>
		<name>human_face</name>
		<pose>Unspecified</pose>
		<truncated>0</truncated>
		<difficult>0</difficult>
		<bndbox>
			<xmin>151</xmin>
			<ymin>52</ymin>
			<xmax>236</xmax>
			<ymax>173</ymax>
		</bndbox>
	</object>
	<object>
		<name>fish</name>
		<pose>Unspecified</pose>
		<truncated>0</truncated>
		<difficult>0</difficult>
		<bndbox>
			<xmin>67</xmin>
			<ymin>179</ymin>
			<xmax>398</xmax>
			<ymax>321</ymax>
		</bndbox>
	</object>
</annotation>
