<annotation>
	<folder>selected_images</folder>
	<filename>023.jpg</filename>
	<path>/home/leikun/keras_YOLOv3/selected_images/023.jpg</path>
	<source>
		<database>Unknown</database>
	</source>
	<size>
		<width>900</width>
		<height>638</height>
		<depth>3</depth>
	</size>
	<segmented>0</segmented>
	<object>
		<name>human_face</name>
		<pose>Unspecified</pose>
		<truncated>0</truncated>
		<difficult>0</difficult>
		<bndbox>
			<xmin>106</xmin>
			<ymin>52</ymin>
			<xmax>273</xmax>
			<ymax>293</ymax>
		</bndbox>
	</object>
	<object>
		<name>fish</name>
		<pose>Unspecified</pose>
		<truncated>0</truncated>
		<difficult>0</difficult>
		<bndbox>
			<xmin>190</xmin>
			<ymin>248</ymin>
			<xmax>823</xmax>
			<ymax>512</ymax>
		</bndbox>
	</object>
</annotation>
