<annotation>
	<folder>selected_images</folder>
	<filename>024.jpg</filename>
	<path>/home/leikun/keras_YOLOv3/selected_images/024.jpg</path>
	<source>
		<database>Unknown</database>
	</source>
	<size>
		<width>640</width>
		<height>428</height>
		<depth>3</depth>
	</size>
	<segmented>0</segmented>
	<object>
		<name>fish</name>
		<pose>Unspecified</pose>
		<truncated>0</truncated>
		<difficult>0</difficult>
		<bndbox>
			<xmin>92</xmin>
			<ymin>162</ymin>
			<xmax>580</xmax>
			<ymax>371</ymax>
		</bndbox>
	</object>
</annotation>
