<annotation>
	<folder>selected_images</folder>
	<filename>025.jpg</filename>
	<path>/home/leikun/keras_YOLOv3/selected_images/025.jpg</path>
	<source>
		<database>Unknown</database>
	</source>
	<size>
		<width>640</width>
		<height>480</height>
		<depth>3</depth>
	</size>
	<segmented>0</segmented>
	<object>
		<name>human_face</name>
		<pose>Unspecified</pose>
		<truncated>0</truncated>
		<difficult>0</difficult>
		<bndbox>
			<xmin>302</xmin>
			<ymin>62</ymin>
			<xmax>379</xmax>
			<ymax>158</ymax>
		</bndbox>
	</object>
	<object>
		<name>fish</name>
		<pose>Unspecified</pose>
		<truncated>0</truncated>
		<difficult>0</difficult>
		<bndbox>
			<xmin>221</xmin>
			<ymin>241</ymin>
			<xmax>526</xmax>
			<ymax>369</ymax>
		</bndbox>
	</object>
</annotation>
