<annotation>
	<folder>selected_images</folder>
	<filename>026.jpg</filename>
	<path>/home/leikun/keras_YOLOv3/selected_images/026.jpg</path>
	<source>
		<database>Unknown</database>
	</source>
	<size>
		<width>800</width>
		<height>600</height>
		<depth>3</depth>
	</size>
	<segmented>0</segmented>
	<object>
		<name>human_face</name>
		<pose>Unspecified</pose>
		<truncated>0</truncated>
		<difficult>0</difficult>
		<bndbox>
			<xmin>301</xmin>
			<ymin>23</ymin>
			<xmax>447</xmax>
			<ymax>217</ymax>
		</bndbox>
	</object>
	<object>
		<name>fish</name>
		<pose>Unspecified</pose>
		<truncated>0</truncated>
		<difficult>0</difficult>
		<bndbox>
			<xmin>58</xmin>
			<ymin>228</ymin>
			<xmax>680</xmax>
			<ymax>505</ymax>
		</bndbox>
	</object>
</annotation>
