<annotation>
	<folder>selected_images</folder>
	<filename>027.jpg</filename>
	<path>/home/leikun/keras_YOLOv3/selected_images/027.jpg</path>
	<source>
		<database>Unknown</database>
	</source>
	<size>
		<width>800</width>
		<height>600</height>
		<depth>3</depth>
	</size>
	<segmented>0</segmented>
	<object>
		<name>human_face</name>
		<pose>Unspecified</pose>
		<truncated>0</truncated>
		<difficult>0</difficult>
		<bndbox>
			<xmin>189</xmin>
			<ymin>44</ymin>
			<xmax>310</xmax>
			<ymax>181</ymax>
		</bndbox>
	</object>
	<object>
		<name>fish</name>
		<pose>Unspecified</pose>
		<truncated>0</truncated>
		<difficult>0</difficult>
		<bndbox>
			<xmin>190</xmin>
			<ymin>210</ymin>
			<xmax>647</xmax>
			<ymax>391</ymax>
		</bndbox>
	</object>
</annotation>
