<annotation>
	<folder>selected_images</folder>
	<filename>028.jpg</filename>
	<path>/home/leikun/keras_YOLOv3/selected_images/028.jpg</path>
	<source>
		<database>Unknown</database>
	</source>
	<size>
		<width>640</width>
		<height>480</height>
		<depth>3</depth>
	</size>
	<segmented>0</segmented>
	<object>
		<name>human_face</name>
		<pose>Unspecified</pose>
		<truncated>0</truncated>
		<difficult>0</difficult>
		<bndbox>
			<xmin>285</xmin>
			<ymin>47</ymin>
			<xmax>378</xmax>
			<ymax>157</ymax>
		</bndbox>
	</object>
	<object>
		<name>fish</name>
		<pose>Unspecified</pose>
		<truncated>0</truncated>
		<difficult>0</difficult>
		<bndbox>
			<xmin>113</xmin>
			<ymin>299</ymin>
			<xmax>349</xmax>
			<ymax>413</ymax>
		</bndbox>
	</object>
</annotation>
