<annotation>
	<folder>selected_images</folder>
	<filename>029.jpg</filename>
	<path>/home/leikun/keras_YOLOv3/selected_images/029.jpg</path>
	<source>
		<database>Unknown</database>
	</source>
	<size>
		<width>1024</width>
		<height>1006</height>
		<depth>3</depth>
	</size>
	<segmented>0</segmented>
	<object>
		<name>human_face</name>
		<pose>Unspecified</pose>
		<truncated>1</truncated>
		<difficult>0</difficult>
		<bndbox>
			<xmin>226</xmin>
			<ymin>1</ymin>
			<xmax>516</xmax>
			<ymax>222</ymax>
		</bndbox>
	</object>
	<object>
		<name>fish</name>
		<pose>Unspecified</pose>
		<truncated>0</truncated>
		<difficult>0</difficult>
		<bndbox>
			<xmin>49</xmin>
			<ymin>457</ymin>
			<xmax>778</xmax>
			<ymax>772</ymax>
		</bndbox>
	</object>
</annotation>
