<annotation>
	<folder>selected_images</folder>
	<filename>030.jpg</filename>
	<path>/home/leikun/keras_YOLOv3/selected_images/030.jpg</path>
	<source>
		<database>Unknown</database>
	</source>
	<size>
		<width>2000</width>
		<height>1500</height>
		<depth>3</depth>
	</size>
	<segmented>0</segmented>
	<object>
		<name>human_face</name>
		<pose>Unspecified</pose>
		<truncated>0</truncated>
		<difficult>0</difficult>
		<bndbox>
			<xmin>697</xmin>
			<ymin>72</ymin>
			<xmax>1128</xmax>
			<ymax>556</ymax>
		</bndbox>
	</object>
	<object>
		<name>fish</name>
		<pose>Unspecified</pose>
		<truncated>0</truncated>
		<difficult>0</difficult>
		<bndbox>
			<xmin>500</xmin>
			<ymin>1028</ymin>
			<xmax>1888</xmax>
			<ymax>1494</ymax>
		</bndbox>
	</object>
</annotation>
