<annotation>
	<folder>selected_images</folder>
	<filename>031.jpg</filename>
	<path>/home/leikun/keras_YOLOv3/selected_images/031.jpg</path>
	<source>
		<database>Unknown</database>
	</source>
	<size>
		<width>438</width>
		<height>640</height>
		<depth>3</depth>
	</size>
	<segmented>0</segmented>
	<object>
		<name>human_face</name>
		<pose>Unspecified</pose>
		<truncated>0</truncated>
		<difficult>0</difficult>
		<bndbox>
			<xmin>195</xmin>
			<ymin>63</ymin>
			<xmax>279</xmax>
			<ymax>166</ymax>
		</bndbox>
	</object>
	<object>
		<name>fish</name>
		<pose>Unspecified</pose>
		<truncated>0</truncated>
		<difficult>0</difficult>
		<bndbox>
			<xmin>13</xmin>
			<ymin>206</ymin>
			<xmax>399</xmax>
			<ymax>402</ymax>
		</bndbox>
	</object>
</annotation>
