<annotation>
	<folder>selected_images</folder>
	<filename>032.jpg</filename>
	<path>/home/leikun/keras_YOLOv3/selected_images/032.jpg</path>
	<source>
		<database>Unknown</database>
	</source>
	<size>
		<width>798</width>
		<height>416</height>
		<depth>3</depth>
	</size>
	<segmented>0</segmented>
	<object>
		<name>fish</name>
		<pose>Unspecified</pose>
		<truncated>0</truncated>
		<difficult>0</difficult>
		<bndbox>
			<xmin>13</xmin>
			<ymin>28</ymin>
			<xmax>791</xmax>
			<ymax>362</ymax>
		</bndbox>
	</object>
</annotation>
