<annotation>
	<folder>selected_images</folder>
	<filename>033.jpg</filename>
	<path>/home/leikun/keras_YOLOv3/selected_images/033.jpg</path>
	<source>
		<database>Unknown</database>
	</source>
	<size>
		<width>635</width>
		<height>419</height>
		<depth>3</depth>
	</size>
	<segmented>0</segmented>
	<object>
		<name>human_face</name>
		<pose>Unspecified</pose>
		<truncated>0</truncated>
		<difficult>0</difficult>
		<bndbox>
			<xmin>255</xmin>
			<ymin>24</ymin>
			<xmax>374</xmax>
			<ymax>145</ymax>
		</bndbox>
	</object>
	<object>
		<name>fish</name>
		<pose>Unspecified</pose>
		<truncated>0</truncated>
		<difficult>0</difficult>
		<bndbox>
			<xmin>62</xmin>
			<ymin>176</ymin>
			<xmax>511</xmax>
			<ymax>396</ymax>
		</bndbox>
	</object>
</annotation>
