<annotation>
	<folder>selected_images</folder>
	<filename>035.jpg</filename>
	<path>/home/leikun/keras_YOLOv3/selected_images/035.jpg</path>
	<source>
		<database>Unknown</database>
	</source>
	<size>
		<width>480</width>
		<height>640</height>
		<depth>3</depth>
	</size>
	<segmented>0</segmented>
	<object>
		<name>fish</name>
		<pose>Unspecified</pose>
		<truncated>0</truncated>
		<difficult>0</difficult>
		<bndbox>
			<xmin>158</xmin>
			<ymin>478</ymin>
			<xmax>351</xmax>
			<ymax>595</ymax>
		</bndbox>
	</object>
	<object>
		<name>fish</name>
		<pose>Unspecified</pose>
		<truncated>0</truncated>
		<difficult>0</difficult>
		<bndbox>
			<xmin>38</xmin>
			<ymin>563</ymin>
			<xmax>255</xmax>
			<ymax>634</ymax>
		</bndbox>
	</object>
	<object>
		<name>human_face</name>
		<pose>Unspecified</pose>
		<truncated>0</truncated>
		<difficult>0</difficult>
		<bndbox>
			<xmin>187</xmin>
			<ymin>21</ymin>
			<xmax>298</xmax>
			<ymax>124</ymax>
		</bndbox>
	</object>
</annotation>
