<annotation>
	<folder>selected_images</folder>
	<filename>036.jpg</filename>
	<path>/home/leikun/keras_YOLOv3/selected_images/036.jpg</path>
	<source>
		<database>Unknown</database>
	</source>
	<size>
		<width>640</width>
		<height>480</height>
		<depth>3</depth>
	</size>
	<segmented>0</segmented>
	<object>
		<name>fish</name>
		<pose>Unspecified</pose>
		<truncated>0</truncated>
		<difficult>0</difficult>
		<bndbox>
			<xmin>177</xmin>
			<ymin>331</ymin>
			<xmax>296</xmax>
			<ymax>389</ymax>
		</bndbox>
	</object>
	<object>
		<name>fish</name>
		<pose>Unspecified</pose>
		<truncated>0</truncated>
		<difficult>0</difficult>
		<bndbox>
			<xmin>321</xmin>
			<ymin>265</ymin>
			<xmax>398</xmax>
			<ymax>301</ymax>
		</bndbox>
	</object>
</annotation>
