<annotation>
	<folder>selected_images</folder>
	<filename>037.jpg</filename>
	<path>/home/leikun/keras_YOLOv3/selected_images/037.jpg</path>
	<source>
		<database>Unknown</database>
	</source>
	<size>
		<width>555</width>
		<height>555</height>
		<depth>3</depth>
	</size>
	<segmented>0</segmented>
	<object>
		<name>human_face</name>
		<pose>Unspecified</pose>
		<truncated>0</truncated>
		<difficult>0</difficult>
		<bndbox>
			<xmin>2</xmin>
			<ymin>9</ymin>
			<xmax>141</xmax>
			<ymax>191</ymax>
		</bndbox>
	</object>
	<object>
		<name>fish</name>
		<pose>Unspecified</pose>
		<truncated>1</truncated>
		<difficult>0</difficult>
		<bndbox>
			<xmin>212</xmin>
			<ymin>344</ymin>
			<xmax>555</xmax>
			<ymax>521</ymax>
		</bndbox>
	</object>
</annotation>
