<annotation>
	<folder>selected_images</folder>
	<filename>038.jpg</filename>
	<path>/home/leikun/keras_YOLOv3/selected_images/038.jpg</path>
	<source>
		<database>Unknown</database>
	</source>
	<size>
		<width>800</width>
		<height>531</height>
		<depth>3</depth>
	</size>
	<segmented>0</segmented>
	<object>
		<name>fish</name>
		<pose>Unspecified</pose>
		<truncated>0</truncated>
		<difficult>0</difficult>
		<bndbox>
			<xmin>70</xmin>
			<ymin>12</ymin>
			<xmax>797</xmax>
			<ymax>511</ymax>
		</bndbox>
	</object>
</annotation>
