<annotation>
	<folder>selected_images</folder>
	<filename>039.jpg</filename>
	<path>/home/leikun/keras_YOLOv3/selected_images/039.jpg</path>
	<source>
		<database>Unknown</database>
	</source>
	<size>
		<width>800</width>
		<height>594</height>
		<depth>3</depth>
	</size>
	<segmented>0</segmented>
	<object>
		<name>fish</name>
		<pose>Unspecified</pose>
		<truncated>0</truncated>
		<difficult>0</difficult>
		<bndbox>
			<xmin>283</xmin>
			<ymin>285</ymin>
			<xmax>522</xmax>
			<ymax>390</ymax>
		</bndbox>
	</object>
	<object>
		<name>human_face</name>
		<pose>Unspecified</pose>
		<truncated>0</truncated>
		<difficult>0</difficult>
		<bndbox>
			<xmin>301</xmin>
			<ymin>158</ymin>
			<xmax>387</xmax>
			<ymax>260</ymax>
		</bndbox>
	</object>
</annotation>
