<annotation>
	<folder>selected_images</folder>
	<filename>040.jpg</filename>
	<path>/home/leikun/keras_YOLOv3/selected_images/040.jpg</path>
	<source>
		<database>Unknown</database>
	</source>
	<size>
		<width>700</width>
		<height>467</height>
		<depth>3</depth>
	</size>
	<segmented>0</segmented>
	<object>
		<name>human_face</name>
		<pose>Unspecified</pose>
		<truncated>0</truncated>
		<difficult>0</difficult>
		<bndbox>
			<xmin>274</xmin>
			<ymin>65</ymin>
			<xmax>379</xmax>
			<ymax>185</ymax>
		</bndbox>
	</object>
	<object>
		<name>fish</name>
		<pose>Unspecified</pose>
		<truncated>0</truncated>
		<difficult>0</difficult>
		<bndbox>
			<xmin>155</xmin>
			<ymin>192</ymin>
			<xmax>607</xmax>
			<ymax>406</ymax>
		</bndbox>
	</object>
</annotation>
