<annotation>
	<folder>selected_images</folder>
	<filename>041.jpg</filename>
	<path>/home/cheng/keras_YOLOv3/selected_images/041.jpg</path>
	<source>
		<database>Unknown</database>
	</source>
	<size>
		<width>1600</width>
		<height>1200</height>
		<depth>3</depth>
	</size>
	<segmented>0</segmented>
	<object>
		<name>fish</name>
		<pose>Unspecified</pose>
		<truncated>0</truncated>
		<difficult>0</difficult>
		<bndbox>
			<xmin>12</xmin>
			<ymin>355</ymin>
			<xmax>1347</xmax>
			<ymax>872</ymax>
		</bndbox>
	</object>
</annotation>
