<annotation>
	<folder>selected_images</folder>
	<filename>042.jpg</filename>
	<path>/home/cheng/keras_YOLOv3/selected_images/042.jpg</path>
	<source>
		<database>Unknown</database>
	</source>
	<size>
		<width>1600</width>
		<height>1200</height>
		<depth>3</depth>
	</size>
	<segmented>0</segmented>
	<object>
		<name>fish</name>
		<pose>Unspecified</pose>
		<truncated>0</truncated>
		<difficult>0</difficult>
		<bndbox>
			<xmin>471</xmin>
			<ymin>543</ymin>
			<xmax>1151</xmax>
			<ymax>787</ymax>
		</bndbox>
	</object>
	<object>
		<name>human_face</name>
		<pose>Unspecified</pose>
		<truncated>0</truncated>
		<difficult>0</difficult>
		<bndbox>
			<xmin>693</xmin>
			<ymin>81</ymin>
			<xmax>964</xmax>
			<ymax>411</ymax>
		</bndbox>
	</object>
</annotation>
