<annotation>
	<folder>selected_images</folder>
	<filename>044.jpg</filename>
	<path>/home/cheng/keras_YOLOv3/selected_images/044.jpg</path>
	<source>
		<database>Unknown</database>
	</source>
	<size>
		<width>640</width>
		<height>428</height>
		<depth>3</depth>
	</size>
	<segmented>0</segmented>
	<object>
		<name>fish</name>
		<pose>Unspecified</pose>
		<truncated>0</truncated>
		<difficult>0</difficult>
		<bndbox>
			<xmin>35</xmin>
			<ymin>88</ymin>
			<xmax>631</xmax>
			<ymax>301</ymax>
		</bndbox>
	</object>
</annotation>
