<annotation>
	<folder>selected_images</folder>
	<filename>045.jpg</filename>
	<path>/home/cheng/keras_YOLOv3/selected_images/045.jpg</path>
	<source>
		<database>Unknown</database>
	</source>
	<size>
		<width>580</width>
		<height>628</height>
		<depth>3</depth>
	</size>
	<segmented>0</segmented>
	<object>
		<name>fish</name>
		<pose>Unspecified</pose>
		<truncated>0</truncated>
		<difficult>0</difficult>
		<bndbox>
			<xmin>72</xmin>
			<ymin>289</ymin>
			<xmax>557</xmax>
			<ymax>610</ymax>
		</bndbox>
	</object>
	<object>
		<name>human_face</name>
		<pose>Unspecified</pose>
		<truncated>0</truncated>
		<difficult>0</difficult>
		<bndbox>
			<xmin>191</xmin>
			<ymin>33</ymin>
			<xmax>335</xmax>
			<ymax>261</ymax>
		</bndbox>
	</object>
</annotation>
