<annotation>
	<folder>selected_images</folder>
	<filename>046.jpg</filename>
	<path>/home/cheng/keras_YOLOv3/selected_images/046.jpg</path>
	<source>
		<database>Unknown</database>
	</source>
	<size>
		<width>1600</width>
		<height>1200</height>
		<depth>3</depth>
	</size>
	<segmented>0</segmented>
	<object>
		<name>fish</name>
		<pose>Unspecified</pose>
		<truncated>0</truncated>
		<difficult>0</difficult>
		<bndbox>
			<xmin>823</xmin>
			<ymin>723</ymin>
			<xmax>1328</xmax>
			<ymax>933</ymax>
		</bndbox>
	</object>
	<object>
		<name>human_face</name>
		<pose>Unspecified</pose>
		<truncated>0</truncated>
		<difficult>0</difficult>
		<bndbox>
			<xmin>749</xmin>
			<ymin>76</ymin>
			<xmax>1006</xmax>
			<ymax>347</ymax>
		</bndbox>
	</object>
</annotation>
