<annotation>
	<folder>selected_images</folder>
	<filename>047.jpg</filename>
	<path>/home/cheng/keras_YOLOv3/selected_images/047.jpg</path>
	<source>
		<database>Unknown</database>
	</source>
	<size>
		<width>438</width>
		<height>583</height>
		<depth>3</depth>
	</size>
	<segmented>0</segmented>
	<object>
		<name>human_face</name>
		<pose>Unspecified</pose>
		<truncated>0</truncated>
		<difficult>0</difficult>
		<bndbox>
			<xmin>167</xmin>
			<ymin>61</ymin>
			<xmax>281</xmax>
			<ymax>219</ymax>
		</bndbox>
	</object>
	<object>
		<name>fish</name>
		<pose>Unspecified</pose>
		<truncated>0</truncated>
		<difficult>0</difficult>
		<bndbox>
			<xmin>25</xmin>
			<ymin>257</ymin>
			<xmax>431</xmax>
			<ymax>461</ymax>
		</bndbox>
	</object>
</annotation>
