<annotation>
	<folder>selected_images</folder>
	<filename>048.jpg</filename>
	<path>/home/cheng/keras_YOLOv3/selected_images/048.jpg</path>
	<source>
		<database>Unknown</database>
	</source>
	<size>
		<width>630</width>
		<height>736</height>
		<depth>3</depth>
	</size>
	<segmented>0</segmented>
	<object>
		<name>fish</name>
		<pose>Unspecified</pose>
		<truncated>0</truncated>
		<difficult>0</difficult>
		<bndbox>
			<xmin>94</xmin>
			<ymin>378</ymin>
			<xmax>586</xmax>
			<ymax>597</ymax>
		</bndbox>
	</object>
	<object>
		<name>human_face</name>
		<pose>Unspecified</pose>
		<truncated>0</truncated>
		<difficult>0</difficult>
		<bndbox>
			<xmin>206</xmin>
			<ymin>21</ymin>
			<xmax>349</xmax>
			<ymax>218</ymax>
		</bndbox>
	</object>
</annotation>
