<annotation>
	<folder>selected_images</folder>
	<filename>049.jpg</filename>
	<path>/home/cheng/keras_YOLOv3/selected_images/049.jpg</path>
	<source>
		<database>Unknown</database>
	</source>
	<size>
		<width>640</width>
		<height>480</height>
		<depth>3</depth>
	</size>
	<segmented>0</segmented>
	<object>
		<name>fish</name>
		<pose>Unspecified</pose>
		<truncated>0</truncated>
		<difficult>0</difficult>
		<bndbox>
			<xmin>79</xmin>
			<ymin>56</ymin>
			<xmax>636</xmax>
			<ymax>338</ymax>
		</bndbox>
	</object>
</annotation>
