<annotation>
	<folder>selected_images</folder>
	<filename>050.jpg</filename>
	<path>/home/cheng/keras_YOLOv3/selected_images/050.jpg</path>
	<source>
		<database>Unknown</database>
	</source>
	<size>
		<width>3264</width>
		<height>2448</height>
		<depth>3</depth>
	</size>
	<segmented>0</segmented>
	<object>
		<name>fish</name>
		<pose>Unspecified</pose>
		<truncated>0</truncated>
		<difficult>0</difficult>
		<bndbox>
			<xmin>821</xmin>
			<ymin>1432</ymin>
			<xmax>3110</xmax>
			<ymax>2278</ymax>
		</bndbox>
	</object>
	<object>
		<name>human_face</name>
		<pose>Unspecified</pose>
		<truncated>0</truncated>
		<difficult>0</difficult>
		<bndbox>
			<xmin>1043</xmin>
			<ymin>13</ymin>
			<xmax>1773</xmax>
			<ymax>848</ymax>
		</bndbox>
	</object>
</annotation>
