<annotation>
	<folder>selected_images</folder>
	<filename>051.jpg</filename>
	<path>/home/cheng/keras_YOLOv3/selected_images/051.jpg</path>
	<source>
		<database>Unknown</database>
	</source>
	<size>
		<width>800</width>
		<height>533</height>
		<depth>3</depth>
	</size>
	<segmented>0</segmented>
	<object>
		<name>fish</name>
		<pose>Unspecified</pose>
		<truncated>0</truncated>
		<difficult>0</difficult>
		<bndbox>
			<xmin>160</xmin>
			<ymin>292</ymin>
			<xmax>702</xmax>
			<ymax>476</ymax>
		</bndbox>
	</object>
	<object>
		<name>human_face</name>
		<pose>Unspecified</pose>
		<truncated>0</truncated>
		<difficult>0</difficult>
		<bndbox>
			<xmin>370</xmin>
			<ymin>89</ymin>
			<xmax>529</xmax>
			<ymax>293</ymax>
		</bndbox>
	</object>
</annotation>
