<annotation>
	<folder>selected_images</folder>
	<filename>052.jpg</filename>
	<path>/home/cheng/keras_YOLOv3/selected_images/052.jpg</path>
	<source>
		<database>Unknown</database>
	</source>
	<size>
		<width>640</width>
		<height>480</height>
		<depth>3</depth>
	</size>
	<segmented>0</segmented>
	<object>
		<name>fish</name>
		<pose>Unspecified</pose>
		<truncated>0</truncated>
		<difficult>0</difficult>
		<bndbox>
			<xmin>279</xmin>
			<ymin>232</ymin>
			<xmax>500</xmax>
			<ymax>357</ymax>
		</bndbox>
	</object>
	<object>
		<name>human_face</name>
		<pose>Unspecified</pose>
		<truncated>0</truncated>
		<difficult>0</difficult>
		<bndbox>
			<xmin>198</xmin>
			<ymin>51</ymin>
			<xmax>303</xmax>
			<ymax>183</ymax>
		</bndbox>
	</object>
</annotation>
