<annotation>
	<folder>selected_images</folder>
	<filename>053.jpg</filename>
	<path>/home/cheng/keras_YOLOv3/selected_images/053.jpg</path>
	<source>
		<database>Unknown</database>
	</source>
	<size>
		<width>600</width>
		<height>450</height>
		<depth>3</depth>
	</size>
	<segmented>0</segmented>
	<object>
		<name>fish</name>
		<pose>Unspecified</pose>
		<truncated>0</truncated>
		<difficult>0</difficult>
		<bndbox>
			<xmin>421</xmin>
			<ymin>157</ymin>
			<xmax>496</xmax>
			<ymax>347</ymax>
		</bndbox>
	</object>
</annotation>
