<annotation>
	<folder>selected_images</folder>
	<filename>055.jpg</filename>
	<path>/home/cheng/keras_YOLOv3/selected_images/055.jpg</path>
	<source>
		<database>Unknown</database>
	</source>
	<size>
		<width>640</width>
		<height>479</height>
		<depth>3</depth>
	</size>
	<segmented>0</segmented>
	<object>
		<name>fish</name>
		<pose>Unspecified</pose>
		<truncated>0</truncated>
		<difficult>0</difficult>
		<bndbox>
			<xmin>193</xmin>
			<ymin>269</ymin>
			<xmax>442</xmax>
			<ymax>387</ymax>
		</bndbox>
	</object>
	<object>
		<name>human_face</name>
		<pose>Unspecified</pose>
		<truncated>0</truncated>
		<difficult>0</difficult>
		<bndbox>
			<xmin>281</xmin>
			<ymin>77</ymin>
			<xmax>368</xmax>
			<ymax>191</ymax>
		</bndbox>
	</object>
</annotation>
