<annotation>
	<folder>selected_images</folder>
	<filename>056.jpg</filename>
	<path>/home/cheng/keras_YOLOv3/selected_images/056.jpg</path>
	<source>
		<database>Unknown</database>
	</source>
	<size>
		<width>600</width>
		<height>450</height>
		<depth>3</depth>
	</size>
	<segmented>0</segmented>
	<object>
		<name>fish</name>
		<pose>Unspecified</pose>
		<truncated>1</truncated>
		<difficult>0</difficult>
		<bndbox>
			<xmin>119</xmin>
			<ymin>263</ymin>
			<xmax>554</xmax>
			<ymax>450</ymax>
		</bndbox>
	</object>
	<object>
		<name>human_face</name>
		<pose>Unspecified</pose>
		<truncated>0</truncated>
		<difficult>0</difficult>
		<bndbox>
			<xmin>234</xmin>
			<ymin>11</ymin>
			<xmax>356</xmax>
			<ymax>180</ymax>
		</bndbox>
	</object>
</annotation>
