<annotation>
	<folder>selected_images</folder>
	<filename>057.jpg</filename>
	<path>/home/cheng/keras_YOLOv3/selected_images/057.jpg</path>
	<source>
		<database>Unknown</database>
	</source>
	<size>
		<width>640</width>
		<height>480</height>
		<depth>3</depth>
	</size>
	<segmented>0</segmented>
	<object>
		<name>fish</name>
		<pose>Unspecified</pose>
		<truncated>0</truncated>
		<difficult>0</difficult>
		<bndbox>
			<xmin>146</xmin>
			<ymin>232</ymin>
			<xmax>516</xmax>
			<ymax>469</ymax>
		</bndbox>
	</object>
	<object>
		<name>human_face</name>
		<pose>Unspecified</pose>
		<truncated>0</truncated>
		<difficult>0</difficult>
		<bndbox>
			<xmin>147</xmin>
			<ymin>78</ymin>
			<xmax>275</xmax>
			<ymax>230</ymax>
		</bndbox>
	</object>
</annotation>
