<annotation>
	<folder>selected_images</folder>
	<filename>058.jpg</filename>
	<path>/home/cheng/keras_YOLOv3/selected_images/058.jpg</path>
	<source>
		<database>Unknown</database>
	</source>
	<size>
		<width>600</width>
		<height>450</height>
		<depth>3</depth>
	</size>
	<segmented>0</segmented>
	<object>
		<name>fish</name>
		<pose>Unspecified</pose>
		<truncated>0</truncated>
		<difficult>0</difficult>
		<bndbox>
			<xmin>107</xmin>
			<ymin>225</ymin>
			<xmax>519</xmax>
			<ymax>367</ymax>
		</bndbox>
	</object>
	<object>
		<name>human_face</name>
		<pose>Unspecified</pose>
		<truncated>0</truncated>
		<difficult>0</difficult>
		<bndbox>
			<xmin>227</xmin>
			<ymin>79</ymin>
			<xmax>363</xmax>
			<ymax>206</ymax>
		</bndbox>
	</object>
</annotation>
