<annotation>
	<folder>selected_images</folder>
	<filename>059.jpg</filename>
	<path>/home/cheng/keras_YOLOv3/selected_images/059.jpg</path>
	<source>
		<database>Unknown</database>
	</source>
	<size>
		<width>800</width>
		<height>600</height>
		<depth>3</depth>
	</size>
	<segmented>0</segmented>
	<object>
		<name>fish</name>
		<pose>Unspecified</pose>
		<truncated>0</truncated>
		<difficult>0</difficult>
		<bndbox>
			<xmin>142</xmin>
			<ymin>172</ymin>
			<xmax>721</xmax>
			<ymax>456</ymax>
		</bndbox>
	</object>
	<object>
		<name>human_face</name>
		<pose>Unspecified</pose>
		<truncated>0</truncated>
		<difficult>0</difficult>
		<bndbox>
			<xmin>290</xmin>
			<ymin>39</ymin>
			<xmax>423</xmax>
			<ymax>213</ymax>
		</bndbox>
	</object>
</annotation>
