<annotation>
	<folder>selected_images</folder>
	<filename>060.jpg</filename>
	<path>/home/cheng/keras_YOLOv3/selected_images/060.jpg</path>
	<source>
		<database>Unknown</database>
	</source>
	<size>
		<width>625</width>
		<height>469</height>
		<depth>3</depth>
	</size>
	<segmented>0</segmented>
	<object>
		<name>fish</name>
		<pose>Unspecified</pose>
		<truncated>0</truncated>
		<difficult>0</difficult>
		<bndbox>
			<xmin>74</xmin>
			<ymin>183</ymin>
			<xmax>570</xmax>
			<ymax>359</ymax>
		</bndbox>
	</object>
	<object>
		<name>human_face</name>
		<pose>Unspecified</pose>
		<truncated>0</truncated>
		<difficult>0</difficult>
		<bndbox>
			<xmin>320</xmin>
			<ymin>43</ymin>
			<xmax>440</xmax>
			<ymax>183</ymax>
		</bndbox>
	</object>
</annotation>
