<annotation>
	<folder>selected_images</folder>
	<filename>061.jpg</filename>
	<path>/home/cheng/keras_YOLOv3/selected_images/061.jpg</path>
	<source>
		<database>Unknown</database>
	</source>
	<size>
		<width>717</width>
		<height>538</height>
		<depth>3</depth>
	</size>
	<segmented>0</segmented>
	<object>
		<name>fish</name>
		<pose>Unspecified</pose>
		<truncated>1</truncated>
		<difficult>0</difficult>
		<bndbox>
			<xmin>247</xmin>
			<ymin>221</ymin>
			<xmax>717</xmax>
			<ymax>467</ymax>
		</bndbox>
	</object>
</annotation>
