<annotation>
	<folder>selected_images</folder>
	<filename>062.jpg</filename>
	<path>/home/cheng/keras_YOLOv3/selected_images/062.jpg</path>
	<source>
		<database>Unknown</database>
	</source>
	<size>
		<width>640</width>
		<height>898</height>
		<depth>3</depth>
	</size>
	<segmented>0</segmented>
	<object>
		<name>fish</name>
		<pose>Unspecified</pose>
		<truncated>0</truncated>
		<difficult>0</difficult>
		<bndbox>
			<xmin>198</xmin>
			<ymin>354</ymin>
			<xmax>474</xmax>
			<ymax>456</ymax>
		</bndbox>
	</object>
	<object>
		<name>human_face</name>
		<pose>Unspecified</pose>
		<truncated>0</truncated>
		<difficult>0</difficult>
		<bndbox>
			<xmin>299</xmin>
			<ymin>88</ymin>
			<xmax>401</xmax>
			<ymax>217</ymax>
		</bndbox>
	</object>
</annotation>
