<annotation>
	<folder>selected_images</folder>
	<filename>063.jpg</filename>
	<path>/home/cheng/keras_YOLOv3/selected_images/063.jpg</path>
	<source>
		<database>Unknown</database>
	</source>
	<size>
		<width>600</width>
		<height>450</height>
		<depth>3</depth>
	</size>
	<segmented>0</segmented>
	<object>
		<name>fish</name>
		<pose>Unspecified</pose>
		<truncated>0</truncated>
		<difficult>0</difficult>
		<bndbox>
			<xmin>82</xmin>
			<ymin>184</ymin>
			<xmax>498</xmax>
			<ymax>360</ymax>
		</bndbox>
	</object>
	<object>
		<name>human_face</name>
		<pose>Unspecified</pose>
		<truncated>0</truncated>
		<difficult>0</difficult>
		<bndbox>
			<xmin>133</xmin>
			<ymin>28</ymin>
			<xmax>249</xmax>
			<ymax>177</ymax>
		</bndbox>
	</object>
	<object>
		<name>human_face</name>
		<pose>Unspecified</pose>
		<truncated>0</truncated>
		<difficult>0</difficult>
		<bndbox>
			<xmin>347</xmin>
			<ymin>20</ymin>
			<xmax>460</xmax>
			<ymax>182</ymax>
		</bndbox>
	</object>
</annotation>
