<annotation>
	<folder>selected_images</folder>
	<filename>064.jpg</filename>
	<path>/home/cheng/keras_YOLOv3/selected_images/064.jpg</path>
	<source>
		<database>Unknown</database>
	</source>
	<size>
		<width>600</width>
		<height>450</height>
		<depth>3</depth>
	</size>
	<segmented>0</segmented>
	<object>
		<name>fish</name>
		<pose>Unspecified</pose>
		<truncated>0</truncated>
		<difficult>0</difficult>
		<bndbox>
			<xmin>42</xmin>
			<ymin>227</ymin>
			<xmax>338</xmax>
			<ymax>332</ymax>
		</bndbox>
	</object>
	<object>
		<name>human_face</name>
		<pose>Unspecified</pose>
		<truncated>0</truncated>
		<difficult>0</difficult>
		<bndbox>
			<xmin>293</xmin>
			<ymin>39</ymin>
			<xmax>391</xmax>
			<ymax>172</ymax>
		</bndbox>
	</object>
</annotation>
