<annotation>
	<folder>selected_images</folder>
	<filename>065.jpg</filename>
	<path>/home/cheng/keras_YOLOv3/selected_images/065.jpg</path>
	<source>
		<database>Unknown</database>
	</source>
	<size>
		<width>604</width>
		<height>453</height>
		<depth>3</depth>
	</size>
	<segmented>0</segmented>
	<object>
		<name>fish</name>
		<pose>Unspecified</pose>
		<truncated>0</truncated>
		<difficult>0</difficult>
		<bndbox>
			<xmin>20</xmin>
			<ymin>146</ymin>
			<xmax>576</xmax>
			<ymax>339</ymax>
		</bndbox>
	</object>
</annotation>
