<annotation>
	<folder>selected_images</folder>
	<filename>066.jpg</filename>
	<path>/home/cheng/keras_YOLOv3/selected_images/066.jpg</path>
	<source>
		<database>Unknown</database>
	</source>
	<size>
		<width>2048</width>
		<height>1536</height>
		<depth>3</depth>
	</size>
	<segmented>0</segmented>
	<object>
		<name>fish</name>
		<pose>Unspecified</pose>
		<truncated>0</truncated>
		<difficult>0</difficult>
		<bndbox>
			<xmin>194</xmin>
			<ymin>867</ymin>
			<xmax>1542</xmax>
			<ymax>1305</ymax>
		</bndbox>
	</object>
	<object>
		<name>human_face</name>
		<pose>Unspecified</pose>
		<truncated>0</truncated>
		<difficult>0</difficult>
		<bndbox>
			<xmin>844</xmin>
			<ymin>97</ymin>
			<xmax>1172</xmax>
			<ymax>552</ymax>
		</bndbox>
	</object>
</annotation>
