<annotation>
	<folder>selected_images</folder>
	<filename>068.jpg</filename>
	<path>/home/cheng/keras_YOLOv3/selected_images/068.jpg</path>
	<source>
		<database>Unknown</database>
	</source>
	<size>
		<width>600</width>
		<height>450</height>
		<depth>3</depth>
	</size>
	<segmented>0</segmented>
	<object>
		<name>fish</name>
		<pose>Unspecified</pose>
		<truncated>0</truncated>
		<difficult>0</difficult>
		<bndbox>
			<xmin>232</xmin>
			<ymin>243</ymin>
			<xmax>262</xmax>
			<ymax>346</ymax>
		</bndbox>
	</object>
	<object>
		<name>human_face</name>
		<pose>Unspecified</pose>
		<truncated>0</truncated>
		<difficult>0</difficult>
		<bndbox>
			<xmin>212</xmin>
			<ymin>40</ymin>
			<xmax>298</xmax>
			<ymax>154</ymax>
		</bndbox>
	</object>
</annotation>
