<annotation>
	<folder>selected_images</folder>
	<filename>069.jpg</filename>
	<path>/home/cheng/keras_YOLOv3/selected_images/069.jpg</path>
	<source>
		<database>Unknown</database>
	</source>
	<size>
		<width>625</width>
		<height>469</height>
		<depth>3</depth>
	</size>
	<segmented>0</segmented>
	<object>
		<name>human_face</name>
		<pose>Unspecified</pose>
		<truncated>0</truncated>
		<difficult>0</difficult>
		<bndbox>
			<xmin>248</xmin>
			<ymin>104</ymin>
			<xmax>369</xmax>
			<ymax>254</ymax>
		</bndbox>
	</object>
	<object>
		<name>fish</name>
		<pose>Unspecified</pose>
		<truncated>0</truncated>
		<difficult>0</difficult>
		<bndbox>
			<xmin>124</xmin>
			<ymin>264</ymin>
			<xmax>508</xmax>
			<ymax>390</ymax>
		</bndbox>
	</object>
</annotation>
