<annotation>
	<folder>selected_images</folder>
	<filename>070.jpg</filename>
	<path>/home/cheng/keras_YOLOv3/selected_images/070.jpg</path>
	<source>
		<database>Unknown</database>
	</source>
	<size>
		<width>1024</width>
		<height>769</height>
		<depth>3</depth>
	</size>
	<segmented>0</segmented>
	<object>
		<name>human_face</name>
		<pose>Unspecified</pose>
		<truncated>0</truncated>
		<difficult>0</difficult>
		<bndbox>
			<xmin>423</xmin>
			<ymin>127</ymin>
			<xmax>617</xmax>
			<ymax>352</ymax>
		</bndbox>
	</object>
	<object>
		<name>fish</name>
		<pose>Unspecified</pose>
		<truncated>0</truncated>
		<difficult>0</difficult>
		<bndbox>
			<xmin>135</xmin>
			<ymin>447</ymin>
			<xmax>825</xmax>
			<ymax>692</ymax>
		</bndbox>
	</object>
</annotation>
