<annotation>
	<folder>selected_images</folder>
	<filename>071.jpg</filename>
	<path>/home/cheng/keras_YOLOv3/selected_images/071.jpg</path>
	<source>
		<database>Unknown</database>
	</source>
	<size>
		<width>2816</width>
		<height>2112</height>
		<depth>3</depth>
	</size>
	<segmented>0</segmented>
	<object>
		<name>fish</name>
		<pose>Unspecified</pose>
		<truncated>0</truncated>
		<difficult>0</difficult>
		<bndbox>
			<xmin>28</xmin>
			<ymin>470</ymin>
			<xmax>2584</xmax>
			<ymax>1437</ymax>
		</bndbox>
	</object>
</annotation>
