<annotation>
	<folder>selected_images</folder>
	<filename>072.jpg</filename>
	<path>/home/cheng/keras_YOLOv3/selected_images/072.jpg</path>
	<source>
		<database>Unknown</database>
	</source>
	<size>
		<width>450</width>
		<height>600</height>
		<depth>3</depth>
	</size>
	<segmented>0</segmented>
	<object>
		<name>fish</name>
		<pose>Unspecified</pose>
		<truncated>0</truncated>
		<difficult>0</difficult>
		<bndbox>
			<xmin>220</xmin>
			<ymin>206</ymin>
			<xmax>436</xmax>
			<ymax>334</ymax>
		</bndbox>
	</object>
	<object>
		<name>human_face</name>
		<pose>Unspecified</pose>
		<truncated>0</truncated>
		<difficult>0</difficult>
		<bndbox>
			<xmin>207</xmin>
			<ymin>90</ymin>
			<xmax>309</xmax>
			<ymax>216</ymax>
		</bndbox>
	</object>
</annotation>
