<annotation>
	<folder>selected_images</folder>
	<filename>073.jpg</filename>
	<path>/home/cheng/keras_YOLOv3/selected_images/073.jpg</path>
	<source>
		<database>Unknown</database>
	</source>
	<size>
		<width>1024</width>
		<height>768</height>
		<depth>3</depth>
	</size>
	<segmented>0</segmented>
	<object>
		<name>human_face</name>
		<pose>Unspecified</pose>
		<truncated>0</truncated>
		<difficult>0</difficult>
		<bndbox>
			<xmin>364</xmin>
			<ymin>201</ymin>
			<xmax>559</xmax>
			<ymax>399</ymax>
		</bndbox>
	</object>
	<object>
		<name>fish</name>
		<pose>Unspecified</pose>
		<truncated>0</truncated>
		<difficult>0</difficult>
		<bndbox>
			<xmin>89</xmin>
			<ymin>391</ymin>
			<xmax>912</xmax>
			<ymax>689</ymax>
		</bndbox>
	</object>
</annotation>
