<annotation>
	<folder>selected_images</folder>
	<filename>074.jpg</filename>
	<path>/home/cheng/keras_YOLOv3/selected_images/074.jpg</path>
	<source>
		<database>Unknown</database>
	</source>
	<size>
		<width>650</width>
		<height>431</height>
		<depth>3</depth>
	</size>
	<segmented>0</segmented>
	<object>
		<name>human_face</name>
		<pose>Unspecified</pose>
		<truncated>0</truncated>
		<difficult>0</difficult>
		<bndbox>
			<xmin>220</xmin>
			<ymin>49</ymin>
			<xmax>382</xmax>
			<ymax>215</ymax>
		</bndbox>
	</object>
	<object>
		<name>fish</name>
		<pose>Unspecified</pose>
		<truncated>0</truncated>
		<difficult>0</difficult>
		<bndbox>
			<xmin>46</xmin>
			<ymin>216</ymin>
			<xmax>511</xmax>
			<ymax>427</ymax>
		</bndbox>
	</object>
</annotation>
