<annotation>
	<folder>selected_images</folder>
	<filename>075.jpg</filename>
	<path>/home/cheng/keras_YOLOv3/selected_images/075.jpg</path>
	<source>
		<database>Unknown</database>
	</source>
	<size>
		<width>1280</width>
		<height>960</height>
		<depth>3</depth>
	</size>
	<segmented>0</segmented>
	<object>
		<name>fish</name>
		<pose>Unspecified</pose>
		<truncated>0</truncated>
		<difficult>0</difficult>
		<bndbox>
			<xmin>186</xmin>
			<ymin>365</ymin>
			<xmax>1080</xmax>
			<ymax>728</ymax>
		</bndbox>
	</object>
	<object>
		<name>human_face</name>
		<pose>Unspecified</pose>
		<truncated>0</truncated>
		<difficult>0</difficult>
		<bndbox>
			<xmin>538</xmin>
			<ymin>75</ymin>
			<xmax>765</xmax>
			<ymax>349</ymax>
		</bndbox>
	</object>
</annotation>
