<annotation>
	<folder>selected_images</folder>
	<filename>076.jpg</filename>
	<path>/home/cheng/keras_YOLOv3/selected_images/076.jpg</path>
	<source>
		<database>Unknown</database>
	</source>
	<size>
		<width>1010</width>
		<height>758</height>
		<depth>3</depth>
	</size>
	<segmented>0</segmented>
	<object>
		<name>fish</name>
		<pose>Unspecified</pose>
		<truncated>0</truncated>
		<difficult>0</difficult>
		<bndbox>
			<xmin>170</xmin>
			<ymin>450</ymin>
			<xmax>720</xmax>
			<ymax>596</ymax>
		</bndbox>
	</object>
	<object>
		<name>human_face</name>
		<pose>Unspecified</pose>
		<truncated>0</truncated>
		<difficult>0</difficult>
		<bndbox>
			<xmin>399</xmin>
			<ymin>47</ymin>
			<xmax>586</xmax>
			<ymax>263</ymax>
		</bndbox>
	</object>
</annotation>
