<annotation>
	<folder>selected_images</folder>
	<filename>078.jpg</filename>
	<path>/home/cheng/keras_YOLOv3/selected_images/078.jpg</path>
	<source>
		<database>Unknown</database>
	</source>
	<size>
		<width>640</width>
		<height>480</height>
		<depth>3</depth>
	</size>
	<segmented>0</segmented>
	<object>
		<name>fish</name>
		<pose>Unspecified</pose>
		<truncated>0</truncated>
		<difficult>0</difficult>
		<bndbox>
			<xmin>215</xmin>
			<ymin>300</ymin>
			<xmax>429</xmax>
			<ymax>399</ymax>
		</bndbox>
	</object>
	<object>
		<name>human_face</name>
		<pose>Unspecified</pose>
		<truncated>0</truncated>
		<difficult>0</difficult>
		<bndbox>
			<xmin>222</xmin>
			<ymin>3</ymin>
			<xmax>353</xmax>
			<ymax>193</ymax>
		</bndbox>
	</object>
</annotation>
