<annotation>
	<folder>selected_images</folder>
	<filename>079.jpg</filename>
	<path>/home/cheng/keras_YOLOv3/selected_images/079.jpg</path>
	<source>
		<database>Unknown</database>
	</source>
	<size>
		<width>623</width>
		<height>519</height>
		<depth>3</depth>
	</size>
	<segmented>0</segmented>
	<object>
		<name>fish</name>
		<pose>Unspecified</pose>
		<truncated>0</truncated>
		<difficult>0</difficult>
		<bndbox>
			<xmin>112</xmin>
			<ymin>216</ymin>
			<xmax>563</xmax>
			<ymax>440</ymax>
		</bndbox>
	</object>
	<object>
		<name>human_face</name>
		<pose>Unspecified</pose>
		<truncated>0</truncated>
		<difficult>0</difficult>
		<bndbox>
			<xmin>269</xmin>
			<ymin>39</ymin>
			<xmax>416</xmax>
			<ymax>211</ymax>
		</bndbox>
	</object>
</annotation>
