<annotation>
	<folder>selected_images</folder>
	<filename>080.jpg</filename>
	<path>/home/cheng/keras_YOLOv3/selected_images/080.jpg</path>
	<source>
		<database>Unknown</database>
	</source>
	<size>
		<width>623</width>
		<height>516</height>
		<depth>3</depth>
	</size>
	<segmented>0</segmented>
	<object>
		<name>fish</name>
		<pose>Unspecified</pose>
		<truncated>0</truncated>
		<difficult>0</difficult>
		<bndbox>
			<xmin>55</xmin>
			<ymin>203</ymin>
			<xmax>576</xmax>
			<ymax>434</ymax>
		</bndbox>
	</object>
	<object>
		<name>human_face</name>
		<pose>Unspecified</pose>
		<truncated>0</truncated>
		<difficult>0</difficult>
		<bndbox>
			<xmin>280</xmin>
			<ymin>13</ymin>
			<xmax>445</xmax>
			<ymax>204</ymax>
		</bndbox>
	</object>
</annotation>
