<annotation>
	<folder>selected_images</folder>
	<filename>081.jpg</filename>
	<path>/home/zheng/keras_YOLOv3/selected_images/081.jpg</path>
	<source>
		<database>Unknown</database>
	</source>
	<size>
		<width>800</width>
		<height>566</height>
		<depth>3</depth>
	</size>
	<segmented>0</segmented>
	<object>
		<name>fish</name>
		<pose>Unspecified</pose>
		<truncated>0</truncated>
		<difficult>0</difficult>
		<bndbox>
			<xmin>12</xmin>
			<ymin>219</ymin>
			<xmax>760</xmax>
			<ymax>540</ymax>
		</bndbox>
	</object>
	<object>
		<name>human_face</name>
		<pose>Unspecified</pose>
		<truncated>0</truncated>
		<difficult>0</difficult>
		<bndbox>
			<xmin>259</xmin>
			<ymin>97</ymin>
			<xmax>356</xmax>
			<ymax>218</ymax>
		</bndbox>
	</object>
	<object>
		<name>human_face</name>
		<pose>Unspecified</pose>
		<truncated>0</truncated>
		<difficult>0</difficult>
		<bndbox>
			<xmin>572</xmin>
			<ymin>85</ymin>
			<xmax>652</xmax>
			<ymax>164</ymax>
		</bndbox>
	</object>
</annotation>
