<annotation>
	<folder>selected_images</folder>
	<filename>082.jpg</filename>
	<path>/home/zheng/keras_YOLOv3/selected_images/082.jpg</path>
	<source>
		<database>Unknown</database>
	</source>
	<size>
		<width>510</width>
		<height>640</height>
		<depth>3</depth>
	</size>
	<segmented>0</segmented>
	<object>
		<name>fish</name>
		<pose>Unspecified</pose>
		<truncated>1</truncated>
		<difficult>0</difficult>
		<bndbox>
			<xmin>1</xmin>
			<ymin>305</ymin>
			<xmax>510</xmax>
			<ymax>566</ymax>
		</bndbox>
	</object>
	<object>
		<name>human_face</name>
		<pose>Unspecified</pose>
		<truncated>0</truncated>
		<difficult>0</difficult>
		<bndbox>
			<xmin>260</xmin>
			<ymin>18</ymin>
			<xmax>416</xmax>
			<ymax>232</ymax>
		</bndbox>
	</object>
</annotation>
