<annotation>
	<folder>selected_images</folder>
	<filename>084.jpg</filename>
	<path>/home/zheng/keras_YOLOv3/selected_images/084.jpg</path>
	<source>
		<database>Unknown</database>
	</source>
	<size>
		<width>600</width>
		<height>450</height>
		<depth>3</depth>
	</size>
	<segmented>0</segmented>
	<object>
		<name>human_face</name>
		<pose>Unspecified</pose>
		<truncated>0</truncated>
		<difficult>0</difficult>
		<bndbox>
			<xmin>254</xmin>
			<ymin>64</ymin>
			<xmax>384</xmax>
			<ymax>172</ymax>
		</bndbox>
	</object>
	<object>
		<name>fish</name>
		<pose>Unspecified</pose>
		<truncated>0</truncated>
		<difficult>0</difficult>
		<bndbox>
			<xmin>159</xmin>
			<ymin>211</ymin>
			<xmax>409</xmax>
			<ymax>332</ymax>
		</bndbox>
	</object>
</annotation>
