<annotation>
	<folder>selected_images</folder>
	<filename>085.jpg</filename>
	<path>/home/zheng/keras_YOLOv3/selected_images/085.jpg</path>
	<source>
		<database>Unknown</database>
	</source>
	<size>
		<width>456</width>
		<height>489</height>
		<depth>3</depth>
	</size>
	<segmented>0</segmented>
	<object>
		<name>fish</name>
		<pose>Unspecified</pose>
		<truncated>0</truncated>
		<difficult>0</difficult>
		<bndbox>
			<xmin>53</xmin>
			<ymin>180</ymin>
			<xmax>396</xmax>
			<ymax>294</ymax>
		</bndbox>
	</object>
	<object>
		<name>human_face</name>
		<pose>Unspecified</pose>
		<truncated>0</truncated>
		<difficult>0</difficult>
		<bndbox>
			<xmin>174</xmin>
			<ymin>41</ymin>
			<xmax>299</xmax>
			<ymax>182</ymax>
		</bndbox>
	</object>
</annotation>
