<annotation>
	<folder>selected_images</folder>
	<filename>086.jpg</filename>
	<path>/home/zheng/keras_YOLOv3/selected_images/086.jpg</path>
	<source>
		<database>Unknown</database>
	</source>
	<size>
		<width>640</width>
		<height>427</height>
		<depth>3</depth>
	</size>
	<segmented>0</segmented>
	<object>
		<name>fish</name>
		<pose>Unspecified</pose>
		<truncated>0</truncated>
		<difficult>0</difficult>
		<bndbox>
			<xmin>45</xmin>
			<ymin>203</ymin>
			<xmax>276</xmax>
			<ymax>323</ymax>
		</bndbox>
	</object>
	<object>
		<name>human_face</name>
		<pose>Unspecified</pose>
		<truncated>0</truncated>
		<difficult>0</difficult>
		<bndbox>
			<xmin>80</xmin>
			<ymin>41</ymin>
			<xmax>171</xmax>
			<ymax>155</ymax>
		</bndbox>
	</object>
</annotation>
