<annotation>
	<folder>selected_images</folder>
	<filename>087.jpg</filename>
	<path>/home/zheng/keras_YOLOv3/selected_images/087.jpg</path>
	<source>
		<database>Unknown</database>
	</source>
	<size>
		<width>800</width>
		<height>600</height>
		<depth>3</depth>
	</size>
	<segmented>0</segmented>
	<object>
		<name>human_face</name>
		<pose>Unspecified</pose>
		<truncated>0</truncated>
		<difficult>0</difficult>
		<bndbox>
			<xmin>230</xmin>
			<ymin>13</ymin>
			<xmax>404</xmax>
			<ymax>260</ymax>
		</bndbox>
	</object>
	<object>
		<name>fish</name>
		<pose>Unspecified</pose>
		<truncated>0</truncated>
		<difficult>0</difficult>
		<bndbox>
			<xmin>225</xmin>
			<ymin>305</ymin>
			<xmax>635</xmax>
			<ymax>526</ymax>
		</bndbox>
	</object>
</annotation>
