<annotation>
	<folder>selected_images</folder>
	<filename>088.jpg</filename>
	<path>/home/zheng/keras_YOLOv3/selected_images/088.jpg</path>
	<source>
		<database>Unknown</database>
	</source>
	<size>
		<width>640</width>
		<height>480</height>
		<depth>3</depth>
	</size>
	<segmented>0</segmented>
	<object>
		<name>human_face</name>
		<pose>Unspecified</pose>
		<truncated>0</truncated>
		<difficult>0</difficult>
		<bndbox>
			<xmin>252</xmin>
			<ymin>15</ymin>
			<xmax>390</xmax>
			<ymax>171</ymax>
		</bndbox>
	</object>
	<object>
		<name>fish</name>
		<pose>Unspecified</pose>
		<truncated>0</truncated>
		<difficult>0</difficult>
		<bndbox>
			<xmin>5</xmin>
			<ymin>162</ymin>
			<xmax>499</xmax>
			<ymax>399</ymax>
		</bndbox>
	</object>
</annotation>
