<annotation>
	<folder>selected_images</folder>
	<filename>089.jpg</filename>
	<path>/home/zheng/keras_YOLOv3/selected_images/089.jpg</path>
	<source>
		<database>Unknown</database>
	</source>
	<size>
		<width>500</width>
		<height>521</height>
		<depth>3</depth>
	</size>
	<segmented>0</segmented>
	<object>
		<name>fish</name>
		<pose>Unspecified</pose>
		<truncated>0</truncated>
		<difficult>0</difficult>
		<bndbox>
			<xmin>136</xmin>
			<ymin>275</ymin>
			<xmax>349</xmax>
			<ymax>403</ymax>
		</bndbox>
	</object>
	<object>
		<name>human_face</name>
		<pose>Unspecified</pose>
		<truncated>0</truncated>
		<difficult>0</difficult>
		<bndbox>
			<xmin>237</xmin>
			<ymin>95</ymin>
			<xmax>324</xmax>
			<ymax>214</ymax>
		</bndbox>
	</object>
</annotation>
