<annotation>
	<folder>selected_images</folder>
	<filename>091.jpg</filename>
	<path>/home/zheng/keras_YOLOv3/selected_images/091.jpg</path>
	<source>
		<database>Unknown</database>
	</source>
	<size>
		<width>450</width>
		<height>463</height>
		<depth>3</depth>
	</size>
	<segmented>0</segmented>
	<object>
		<name>fish</name>
		<pose>Unspecified</pose>
		<truncated>0</truncated>
		<difficult>0</difficult>
		<bndbox>
			<xmin>194</xmin>
			<ymin>165</ymin>
			<xmax>226</xmax>
			<ymax>281</ymax>
		</bndbox>
	</object>
	<object>
		<name>human_face</name>
		<pose>Unspecified</pose>
		<truncated>0</truncated>
		<difficult>0</difficult>
		<bndbox>
			<xmin>247</xmin>
			<ymin>116</ymin>
			<xmax>321</xmax>
			<ymax>212</ymax>
		</bndbox>
	</object>
</annotation>
