<annotation>
	<folder>selected_images</folder>
	<filename>092.jpg</filename>
	<path>/home/zheng/keras_YOLOv3/selected_images/092.jpg</path>
	<source>
		<database>Unknown</database>
	</source>
	<size>
		<width>1023</width>
		<height>767</height>
		<depth>3</depth>
	</size>
	<segmented>0</segmented>
	<object>
		<name>fish</name>
		<pose>Unspecified</pose>
		<truncated>0</truncated>
		<difficult>0</difficult>
		<bndbox>
			<xmin>267</xmin>
			<ymin>427</ymin>
			<xmax>909</xmax>
			<ymax>678</ymax>
		</bndbox>
	</object>
	<object>
		<name>human_face</name>
		<pose>Unspecified</pose>
		<truncated>1</truncated>
		<difficult>0</difficult>
		<bndbox>
			<xmin>289</xmin>
			<ymin>1</ymin>
			<xmax>581</xmax>
			<ymax>358</ymax>
		</bndbox>
	</object>
</annotation>
