<annotation>
	<folder>selected_images</folder>
	<filename>093.jpg</filename>
	<path>/home/zheng/keras_YOLOv3/selected_images/093.jpg</path>
	<source>
		<database>Unknown</database>
	</source>
	<size>
		<width>450</width>
		<height>600</height>
		<depth>3</depth>
	</size>
	<segmented>0</segmented>
	<object>
		<name>fish</name>
		<pose>Unspecified</pose>
		<truncated>0</truncated>
		<difficult>0</difficult>
		<bndbox>
			<xmin>88</xmin>
			<ymin>232</ymin>
			<xmax>436</xmax>
			<ymax>379</ymax>
		</bndbox>
	</object>
	<object>
		<name>human_face</name>
		<pose>Unspecified</pose>
		<truncated>0</truncated>
		<difficult>0</difficult>
		<bndbox>
			<xmin>102</xmin>
			<ymin>26</ymin>
			<xmax>227</xmax>
			<ymax>193</ymax>
		</bndbox>
	</object>
</annotation>
