<annotation>
	<folder>selected_images</folder>
	<filename>094.jpg</filename>
	<path>/home/zheng/keras_YOLOv3/selected_images/094.jpg</path>
	<source>
		<database>Unknown</database>
	</source>
	<size>
		<width>940</width>
		<height>705</height>
		<depth>3</depth>
	</size>
	<segmented>0</segmented>
	<object>
		<name>fish</name>
		<pose>Unspecified</pose>
		<truncated>0</truncated>
		<difficult>0</difficult>
		<bndbox>
			<xmin>111</xmin>
			<ymin>109</ymin>
			<xmax>727</xmax>
			<ymax>574</ymax>
		</bndbox>
	</object>
</annotation>
