<annotation>
	<folder>selected_images</folder>
	<filename>095.jpg</filename>
	<path>/home/zheng/keras_YOLOv3/selected_images/095.jpg</path>
	<source>
		<database>Unknown</database>
	</source>
	<size>
		<width>750</width>
		<height>600</height>
		<depth>3</depth>
	</size>
	<segmented>0</segmented>
	<object>
		<name>fish</name>
		<pose>Unspecified</pose>
		<truncated>0</truncated>
		<difficult>0</difficult>
		<bndbox>
			<xmin>171</xmin>
			<ymin>293</ymin>
			<xmax>610</xmax>
			<ymax>495</ymax>
		</bndbox>
	</object>
	<object>
		<name>human_face</name>
		<pose>Unspecified</pose>
		<truncated>0</truncated>
		<difficult>0</difficult>
		<bndbox>
			<xmin>211</xmin>
			<ymin>65</ymin>
			<xmax>367</xmax>
			<ymax>271</ymax>
		</bndbox>
	</object>
</annotation>
