<annotation>
	<folder>selected_images</folder>
	<filename>096.jpg</filename>
	<path>/home/zheng/keras_YOLOv3/selected_images/096.jpg</path>
	<source>
		<database>Unknown</database>
	</source>
	<size>
		<width>4288</width>
		<height>2848</height>
		<depth>3</depth>
	</size>
	<segmented>0</segmented>
	<object>
		<name>human_face</name>
		<pose>Unspecified</pose>
		<truncated>0</truncated>
		<difficult>0</difficult>
		<bndbox>
			<xmin>2983</xmin>
			<ymin>163</ymin>
			<xmax>3858</xmax>
			<ymax>1413</ymax>
		</bndbox>
	</object>
	<object>
		<name>fish</name>
		<pose>Unspecified</pose>
		<truncated>0</truncated>
		<difficult>0</difficult>
		<bndbox>
			<xmin>251</xmin>
			<ymin>1145</ymin>
			<xmax>3237</xmax>
			<ymax>2320</ymax>
		</bndbox>
	</object>
</annotation>
