<annotation>
	<folder>selected_images</folder>
	<filename>097.jpg</filename>
	<path>/home/zheng/keras_YOLOv3/selected_images/097.jpg</path>
	<source>
		<database>Unknown</database>
	</source>
	<size>
		<width>592</width>
		<height>480</height>
		<depth>3</depth>
	</size>
	<segmented>0</segmented>
	<object>
		<name>human_face</name>
		<pose>Unspecified</pose>
		<truncated>0</truncated>
		<difficult>0</difficult>
		<bndbox>
			<xmin>362</xmin>
			<ymin>40</ymin>
			<xmax>490</xmax>
			<ymax>202</ymax>
		</bndbox>
	</object>
	<object>
		<name>fish</name>
		<pose>Unspecified</pose>
		<truncated>0</truncated>
		<difficult>0</difficult>
		<bndbox>
			<xmin>27</xmin>
			<ymin>154</ymin>
			<xmax>501</xmax>
			<ymax>350</ymax>
		</bndbox>
	</object>
</annotation>
