<annotation>
	<folder>selected_images</folder>
	<filename>098.jpg</filename>
	<path>/home/zheng/keras_YOLOv3/selected_images/098.jpg</path>
	<source>
		<database>Unknown</database>
	</source>
	<size>
		<width>1600</width>
		<height>1200</height>
		<depth>3</depth>
	</size>
	<segmented>0</segmented>
	<object>
		<name>human_face</name>
		<pose>Unspecified</pose>
		<truncated>1</truncated>
		<difficult>0</difficult>
		<bndbox>
			<xmin>668</xmin>
			<ymin>1</ymin>
			<xmax>970</xmax>
			<ymax>363</ymax>
		</bndbox>
	</object>
	<object>
		<name>fish</name>
		<pose>Unspecified</pose>
		<truncated>0</truncated>
		<difficult>0</difficult>
		<bndbox>
			<xmin>433</xmin>
			<ymin>551</ymin>
			<xmax>1136</xmax>
			<ymax>937</ymax>
		</bndbox>
	</object>
</annotation>
