<annotation>
	<folder>selected_images</folder>
	<filename>099.jpg</filename>
	<path>/home/zheng/keras_YOLOv3/selected_images/099.jpg</path>
	<source>
		<database>Unknown</database>
	</source>
	<size>
		<width>490</width>
		<height>500</height>
		<depth>3</depth>
	</size>
	<segmented>0</segmented>
	<object>
		<name>fish</name>
		<pose>Unspecified</pose>
		<truncated>0</truncated>
		<difficult>0</difficult>
		<bndbox>
			<xmin>181</xmin>
			<ymin>293</ymin>
			<xmax>392</xmax>
			<ymax>367</ymax>
		</bndbox>
	</object>
	<object>
		<name>human_face</name>
		<pose>Unspecified</pose>
		<truncated>0</truncated>
		<difficult>0</difficult>
		<bndbox>
			<xmin>225</xmin>
			<ymin>100</ymin>
			<xmax>310</xmax>
			<ymax>224</ymax>
		</bndbox>
	</object>
</annotation>
