<annotation>
	<folder>selected_images</folder>
	<filename>100.jpg</filename>
	<path>/home/zheng/keras_YOLOv3/selected_images/100.jpg</path>
	<source>
		<database>Unknown</database>
	</source>
	<size>
		<width>600</width>
		<height>800</height>
		<depth>3</depth>
	</size>
	<segmented>0</segmented>
	<object>
		<name>human_face</name>
		<pose>Unspecified</pose>
		<truncated>0</truncated>
		<difficult>0</difficult>
		<bndbox>
			<xmin>235</xmin>
			<ymin>78</ymin>
			<xmax>325</xmax>
			<ymax>204</ymax>
		</bndbox>
	</object>
	<object>
		<name>fish</name>
		<pose>Unspecified</pose>
		<truncated>0</truncated>
		<difficult>0</difficult>
		<bndbox>
			<xmin>237</xmin>
			<ymin>525</ymin>
			<xmax>360</xmax>
			<ymax>555</ymax>
		</bndbox>
	</object>
</annotation>
