<annotation>
	<folder>selected_images</folder>
	<filename>102.jpg</filename>
	<path>/home/zheng/keras_YOLOv3/selected_images/102.jpg</path>
	<source>
		<database>Unknown</database>
	</source>
	<size>
		<width>800</width>
		<height>590</height>
		<depth>3</depth>
	</size>
	<segmented>0</segmented>
	<object>
		<name>fish</name>
		<pose>Unspecified</pose>
		<truncated>0</truncated>
		<difficult>0</difficult>
		<bndbox>
			<xmin>252</xmin>
			<ymin>274</ymin>
			<xmax>678</xmax>
			<ymax>406</ymax>
		</bndbox>
	</object>
	<object>
		<name>fish</name>
		<pose>Unspecified</pose>
		<truncated>0</truncated>
		<difficult>0</difficult>
		<bndbox>
			<xmin>244</xmin>
			<ymin>138</ymin>
			<xmax>665</xmax>
			<ymax>269</ymax>
		</bndbox>
	</object>
</annotation>
