<annotation>
	<folder>selected_images</folder>
	<filename>103.jpg</filename>
	<path>/home/zheng/keras_YOLOv3/selected_images/103.jpg</path>
	<source>
		<database>Unknown</database>
	</source>
	<size>
		<width>576</width>
		<height>432</height>
		<depth>3</depth>
	</size>
	<segmented>0</segmented>
	<object>
		<name>human_face</name>
		<pose>Unspecified</pose>
		<truncated>0</truncated>
		<difficult>0</difficult>
		<bndbox>
			<xmin>217</xmin>
			<ymin>20</ymin>
			<xmax>310</xmax>
			<ymax>160</ymax>
		</bndbox>
	</object>
	<object>
		<name>fish</name>
		<pose>Unspecified</pose>
		<truncated>0</truncated>
		<difficult>0</difficult>
		<bndbox>
			<xmin>130</xmin>
			<ymin>226</ymin>
			<xmax>427</xmax>
			<ymax>360</ymax>
		</bndbox>
	</object>
</annotation>
