<annotation>
	<folder>selected_images</folder>
	<filename>104.jpg</filename>
	<path>/home/zheng/keras_YOLOv3/selected_images/104.jpg</path>
	<source>
		<database>Unknown</database>
	</source>
	<size>
		<width>800</width>
		<height>600</height>
		<depth>3</depth>
	</size>
	<segmented>0</segmented>
	<object>
		<name>fish</name>
		<pose>Unspecified</pose>
		<truncated>0</truncated>
		<difficult>0</difficult>
		<bndbox>
			<xmin>41</xmin>
			<ymin>170</ymin>
			<xmax>755</xmax>
			<ymax>500</ymax>
		</bndbox>
	</object>
</annotation>
