<annotation>
	<folder>selected_images</folder>
	<filename>106.jpg</filename>
	<path>/home/zheng/keras_YOLOv3/selected_images/106.jpg</path>
	<source>
		<database>Unknown</database>
	</source>
	<size>
		<width>886</width>
		<height>585</height>
		<depth>3</depth>
	</size>
	<segmented>0</segmented>
	<object>
		<name>human_face</name>
		<pose>Unspecified</pose>
		<truncated>0</truncated>
		<difficult>0</difficult>
		<bndbox>
			<xmin>491</xmin>
			<ymin>63</ymin>
			<xmax>585</xmax>
			<ymax>190</ymax>
		</bndbox>
	</object>
	<object>
		<name>fish</name>
		<pose>Unspecified</pose>
		<truncated>0</truncated>
		<difficult>0</difficult>
		<bndbox>
			<xmin>280</xmin>
			<ymin>238</ymin>
			<xmax>670</xmax>
			<ymax>389</ymax>
		</bndbox>
	</object>
</annotation>
