<annotation>
	<folder>selected_images</folder>
	<filename>107.jpg</filename>
	<path>/home/zheng/keras_YOLOv3/selected_images/107.jpg</path>
	<source>
		<database>Unknown</database>
	</source>
	<size>
		<width>660</width>
		<height>880</height>
		<depth>3</depth>
	</size>
	<segmented>0</segmented>
	<object>
		<name>fish</name>
		<pose>Unspecified</pose>
		<truncated>0</truncated>
		<difficult>0</difficult>
		<bndbox>
			<xmin>154</xmin>
			<ymin>494</ymin>
			<xmax>493</xmax>
			<ymax>685</ymax>
		</bndbox>
	</object>
	<object>
		<name>human_face</name>
		<pose>Unspecified</pose>
		<truncated>0</truncated>
		<difficult>0</difficult>
		<bndbox>
			<xmin>320</xmin>
			<ymin>98</ymin>
			<xmax>465</xmax>
			<ymax>304</ymax>
		</bndbox>
	</object>
</annotation>
