<annotation>
	<folder>selected_images</folder>
	<filename>108.jpg</filename>
	<path>/home/zheng/keras_YOLOv3/selected_images/108.jpg</path>
	<source>
		<database>Unknown</database>
	</source>
	<size>
		<width>640</width>
		<height>480</height>
		<depth>3</depth>
	</size>
	<segmented>0</segmented>
	<object>
		<name>fish</name>
		<pose>Unspecified</pose>
		<truncated>0</truncated>
		<difficult>0</difficult>
		<bndbox>
			<xmin>25</xmin>
			<ymin>148</ymin>
			<xmax>619</xmax>
			<ymax>479</ymax>
		</bndbox>
	</object>
</annotation>
