<annotation>
	<folder>selected_images</folder>
	<filename>109.jpg</filename>
	<path>/home/zheng/keras_YOLOv3/selected_images/109.jpg</path>
	<source>
		<database>Unknown</database>
	</source>
	<size>
		<width>1024</width>
		<height>768</height>
		<depth>3</depth>
	</size>
	<segmented>0</segmented>
	<object>
		<name>fish</name>
		<pose>Unspecified</pose>
		<truncated>0</truncated>
		<difficult>0</difficult>
		<bndbox>
			<xmin>91</xmin>
			<ymin>357</ymin>
			<xmax>1019</xmax>
			<ymax>670</ymax>
		</bndbox>
	</object>
	<object>
		<name>human_face</name>
		<pose>Unspecified</pose>
		<truncated>0</truncated>
		<difficult>0</difficult>
		<bndbox>
			<xmin>384</xmin>
			<ymin>181</ymin>
			<xmax>559</xmax>
			<ymax>356</ymax>
		</bndbox>
	</object>
</annotation>
