<annotation>
	<folder>selected_images</folder>
	<filename>110.jpg</filename>
	<path>/home/zheng/keras_YOLOv3/selected_images/110.jpg</path>
	<source>
		<database>Unknown</database>
	</source>
	<size>
		<width>779</width>
		<height>561</height>
		<depth>3</depth>
	</size>
	<segmented>0</segmented>
	<object>
		<name>fish</name>
		<pose>Unspecified</pose>
		<truncated>0</truncated>
		<difficult>0</difficult>
		<bndbox>
			<xmin>83</xmin>
			<ymin>181</ymin>
			<xmax>757</xmax>
			<ymax>502</ymax>
		</bndbox>
	</object>
	<object>
		<name>human_face</name>
		<pose>Unspecified</pose>
		<truncated>1</truncated>
		<difficult>0</difficult>
		<bndbox>
			<xmin>303</xmin>
			<ymin>1</ymin>
			<xmax>530</xmax>
			<ymax>203</ymax>
		</bndbox>
	</object>
</annotation>
