<annotation>
	<folder>selected_images</folder>
	<filename>111.jpg</filename>
	<path>/home/zheng/keras_YOLOv3/selected_images/111.jpg</path>
	<source>
		<database>Unknown</database>
	</source>
	<size>
		<width>822</width>
		<height>768</height>
		<depth>3</depth>
	</size>
	<segmented>0</segmented>
	<object>
		<name>fish</name>
		<pose>Unspecified</pose>
		<truncated>0</truncated>
		<difficult>0</difficult>
		<bndbox>
			<xmin>126</xmin>
			<ymin>483</ymin>
			<xmax>534</xmax>
			<ymax>698</ymax>
		</bndbox>
	</object>
	<object>
		<name>human_face</name>
		<pose>Unspecified</pose>
		<truncated>0</truncated>
		<difficult>0</difficult>
		<bndbox>
			<xmin>391</xmin>
			<ymin>36</ymin>
			<xmax>549</xmax>
			<ymax>229</ymax>
		</bndbox>
	</object>
</annotation>
