<annotation>
	<folder>selected_images</folder>
	<filename>112.jpg</filename>
	<path>/home/zheng/keras_YOLOv3/selected_images/112.jpg</path>
	<source>
		<database>Unknown</database>
	</source>
	<size>
		<width>640</width>
		<height>517</height>
		<depth>3</depth>
	</size>
	<segmented>0</segmented>
	<object>
		<name>human_face</name>
		<pose>Unspecified</pose>
		<truncated>0</truncated>
		<difficult>0</difficult>
		<bndbox>
			<xmin>230</xmin>
			<ymin>6</ymin>
			<xmax>355</xmax>
			<ymax>168</ymax>
		</bndbox>
	</object>
	<object>
		<name>fish</name>
		<pose>Unspecified</pose>
		<truncated>0</truncated>
		<difficult>0</difficult>
		<bndbox>
			<xmin>19</xmin>
			<ymin>245</ymin>
			<xmax>634</xmax>
			<ymax>502</ymax>
		</bndbox>
	</object>
</annotation>
