<annotation>
	<folder>selected_images</folder>
	<filename>113.jpg</filename>
	<path>/home/zheng/keras_YOLOv3/selected_images/113.jpg</path>
	<source>
		<database>Unknown</database>
	</source>
	<size>
		<width>625</width>
		<height>487</height>
		<depth>3</depth>
	</size>
	<segmented>0</segmented>
	<object>
		<name>fish</name>
		<pose>Unspecified</pose>
		<truncated>1</truncated>
		<difficult>0</difficult>
		<bndbox>
			<xmin>1</xmin>
			<ymin>19</ymin>
			<xmax>528</xmax>
			<ymax>460</ymax>
		</bndbox>
	</object>
</annotation>
