<annotation>
	<folder>selected_images</folder>
	<filename>114.jpg</filename>
	<path>/home/zheng/keras_YOLOv3/selected_images/114.jpg</path>
	<source>
		<database>Unknown</database>
	</source>
	<size>
		<width>600</width>
		<height>902</height>
		<depth>3</depth>
	</size>
	<segmented>0</segmented>
	<object>
		<name>fish</name>
		<pose>Unspecified</pose>
		<truncated>0</truncated>
		<difficult>0</difficult>
		<bndbox>
			<xmin>153</xmin>
			<ymin>533</ymin>
			<xmax>252</xmax>
			<ymax>697</ymax>
		</bndbox>
	</object>
	<object>
		<name>human_face</name>
		<pose>Unspecified</pose>
		<truncated>0</truncated>
		<difficult>0</difficult>
		<bndbox>
			<xmin>226</xmin>
			<ymin>97</ymin>
			<xmax>360</xmax>
			<ymax>304</ymax>
		</bndbox>
	</object>
</annotation>
