<annotation>
	<folder>selected_images</folder>
	<filename>115.jpg</filename>
	<path>/home/zheng/keras_YOLOv3/selected_images/115.jpg</path>
	<source>
		<database>Unknown</database>
	</source>
	<size>
		<width>600</width>
		<height>450</height>
		<depth>3</depth>
	</size>
	<segmented>0</segmented>
	<object>
		<name>fish</name>
		<pose>Unspecified</pose>
		<truncated>0</truncated>
		<difficult>0</difficult>
		<bndbox>
			<xmin>144</xmin>
			<ymin>205</ymin>
			<xmax>431</xmax>
			<ymax>328</ymax>
		</bndbox>
	</object>
	<object>
		<name>human_face</name>
		<pose>Unspecified</pose>
		<truncated>0</truncated>
		<difficult>0</difficult>
		<bndbox>
			<xmin>227</xmin>
			<ymin>11</ymin>
			<xmax>322</xmax>
			<ymax>154</ymax>
		</bndbox>
	</object>
</annotation>
