<annotation>
	<folder>selected_images</folder>
	<filename>116.jpg</filename>
	<path>/home/zheng/keras_YOLOv3/selected_images/116.jpg</path>
	<source>
		<database>Unknown</database>
	</source>
	<size>
		<width>640</width>
		<height>480</height>
		<depth>3</depth>
	</size>
	<segmented>0</segmented>
	<object>
		<name>fish</name>
		<pose>Unspecified</pose>
		<truncated>0</truncated>
		<difficult>0</difficult>
		<bndbox>
			<xmin>258</xmin>
			<ymin>87</ymin>
			<xmax>384</xmax>
			<ymax>441</ymax>
		</bndbox>
	</object>
	<object>
		<name>fish</name>
		<pose>Unspecified</pose>
		<truncated>0</truncated>
		<difficult>0</difficult>
		<bndbox>
			<xmin>107</xmin>
			<ymin>46</ymin>
			<xmax>256</xmax>
			<ymax>388</ymax>
		</bndbox>
	</object>
	<object>
		<name>fish</name>
		<pose>Unspecified</pose>
		<truncated>0</truncated>
		<difficult>0</difficult>
		<bndbox>
			<xmin>414</xmin>
			<ymin>120</ymin>
			<xmax>520</xmax>
			<ymax>384</ymax>
		</bndbox>
	</object>
</annotation>
