<annotation>
	<folder>selected_images</folder>
	<filename>117.jpg</filename>
	<path>/home/zheng/keras_YOLOv3/selected_images/117.jpg</path>
	<source>
		<database>Unknown</database>
	</source>
	<size>
		<width>610</width>
		<height>440</height>
		<depth>3</depth>
	</size>
	<segmented>0</segmented>
	<object>
		<name>fish</name>
		<pose>Unspecified</pose>
		<truncated>0</truncated>
		<difficult>0</difficult>
		<bndbox>
			<xmin>27</xmin>
			<ymin>44</ymin>
			<xmax>578</xmax>
			<ymax>371</ymax>
		</bndbox>
	</object>
</annotation>
