<annotation>
	<folder>selected_images</folder>
	<filename>118.jpg</filename>
	<path>/home/zheng/keras_YOLOv3/selected_images/118.jpg</path>
	<source>
		<database>Unknown</database>
	</source>
	<size>
		<width>1844</width>
		<height>1354</height>
		<depth>3</depth>
	</size>
	<segmented>0</segmented>
	<object>
		<name>fish</name>
		<pose>Unspecified</pose>
		<truncated>0</truncated>
		<difficult>0</difficult>
		<bndbox>
			<xmin>313</xmin>
			<ymin>797</ymin>
			<xmax>1780</xmax>
			<ymax>1348</ymax>
		</bndbox>
	</object>
	<object>
		<name>fish</name>
		<pose>Unspecified</pose>
		<truncated>0</truncated>
		<difficult>0</difficult>
		<bndbox>
			<xmin>202</xmin>
			<ymin>19</ymin>
			<xmax>1562</xmax>
			<ymax>375</ymax>
		</bndbox>
	</object>
	<object>
		<name>fish</name>
		<pose>Unspecified</pose>
		<truncated>0</truncated>
		<difficult>0</difficult>
		<bndbox>
			<xmin>194</xmin>
			<ymin>385</ymin>
			<xmax>1689</xmax>
			<ymax>785</ymax>
		</bndbox>
	</object>
</annotation>
