<annotation>
	<folder>selected_images</folder>
	<filename>119.jpg</filename>
	<path>/home/zheng/keras_YOLOv3/selected_images/119.jpg</path>
	<source>
		<database>Unknown</database>
	</source>
	<size>
		<width>600</width>
		<height>480</height>
		<depth>3</depth>
	</size>
	<segmented>0</segmented>
	<object>
		<name>fish</name>
		<pose>Unspecified</pose>
		<truncated>0</truncated>
		<difficult>0</difficult>
		<bndbox>
			<xmin>108</xmin>
			<ymin>122</ymin>
			<xmax>494</xmax>
			<ymax>285</ymax>
		</bndbox>
	</object>
</annotation>
