<annotation>
	<folder>selected_images</folder>
	<filename>120.jpg</filename>
	<path>/home/zheng/keras_YOLOv3/selected_images/120.jpg</path>
	<source>
		<database>Unknown</database>
	</source>
	<size>
		<width>1536</width>
		<height>1024</height>
		<depth>3</depth>
	</size>
	<segmented>0</segmented>
	<object>
		<name>fish</name>
		<pose>Unspecified</pose>
		<truncated>1</truncated>
		<difficult>0</difficult>
		<bndbox>
			<xmin>183</xmin>
			<ymin>169</ymin>
			<xmax>1536</xmax>
			<ymax>872</ymax>
		</bndbox>
	</object>
</annotation>
