<annotation>
	<folder>selected_images</folder>
	<filename>121.jpg</filename>
	<path>C:\Users\Administrator\Desktop\selected_images\121.jpg</path>
	<source>
		<database>Unknown</database>
	</source>
	<size>
		<width>700</width>
		<height>480</height>
		<depth>3</depth>
	</size>
	<segmented>0</segmented>
	<object>
		<name>human_face</name>
		<pose>Unspecified</pose>
		<truncated>0</truncated>
		<difficult>0</difficult>
		<bndbox>
			<xmin>272</xmin>
			<ymin>64</ymin>
			<xmax>375</xmax>
			<ymax>187</ymax>
		</bndbox>
	</object>
	<object>
		<name>fish</name>
		<pose>Unspecified</pose>
		<truncated>0</truncated>
		<difficult>0</difficult>
		<bndbox>
			<xmin>107</xmin>
			<ymin>208</ymin>
			<xmax>514</xmax>
			<ymax>420</ymax>
		</bndbox>
	</object>
</annotation>
