<annotation>
	<folder>selected_images</folder>
	<filename>122.jpg</filename>
	<path>C:\Users\Administrator\Desktop\selected_images\122.jpg</path>
	<source>
		<database>Unknown</database>
	</source>
	<size>
		<width>640</width>
		<height>480</height>
		<depth>3</depth>
	</size>
	<segmented>0</segmented>
	<object>
		<name>fish</name>
		<pose>Unspecified</pose>
		<truncated>0</truncated>
		<difficult>0</difficult>
		<bndbox>
			<xmin>38</xmin>
			<ymin>144</ymin>
			<xmax>570</xmax>
			<ymax>407</ymax>
		</bndbox>
	</object>
</annotation>
