<annotation>
	<folder>selected_images</folder>
	<filename>123.jpg</filename>
	<path>C:\Users\Administrator\Desktop\selected_images\123.jpg</path>
	<source>
		<database>Unknown</database>
	</source>
	<size>
		<width>600</width>
		<height>450</height>
		<depth>3</depth>
	</size>
	<segmented>0</segmented>
	<object>
		<name>fish</name>
		<pose>Unspecified</pose>
		<truncated>0</truncated>
		<difficult>0</difficult>
		<bndbox>
			<xmin>79</xmin>
			<ymin>275</ymin>
			<xmax>581</xmax>
			<ymax>429</ymax>
		</bndbox>
	</object>
	<object>
		<name>human_face</name>
		<pose>Unspecified</pose>
		<truncated>0</truncated>
		<difficult>0</difficult>
		<bndbox>
			<xmin>194</xmin>
			<ymin>16</ymin>
			<xmax>281</xmax>
			<ymax>141</ymax>
		</bndbox>
	</object>
	<object>
		<name>human_face</name>
		<pose>Unspecified</pose>
		<truncated>0</truncated>
		<difficult>0</difficult>
		<bndbox>
			<xmin>433</xmin>
			<ymin>119</ymin>
			<xmax>526</xmax>
			<ymax>237</ymax>
		</bndbox>
	</object>
</annotation>
