<annotation>
	<folder>selected_images</folder>
	<filename>124.jpg</filename>
	<path>C:\Users\Administrator\Desktop\selected_images\124.jpg</path>
	<source>
		<database>Unknown</database>
	</source>
	<size>
		<width>775</width>
		<height>581</height>
		<depth>3</depth>
	</size>
	<segmented>0</segmented>
	<object>
		<name>human_face</name>
		<pose>Unspecified</pose>
		<truncated>0</truncated>
		<difficult>0</difficult>
		<bndbox>
			<xmin>324</xmin>
			<ymin>43</ymin>
			<xmax>441</xmax>
			<ymax>198</ymax>
		</bndbox>
	</object>
	<object>
		<name>fish</name>
		<pose>Unspecified</pose>
		<truncated>0</truncated>
		<difficult>0</difficult>
		<bndbox>
			<xmin>185</xmin>
			<ymin>247</ymin>
			<xmax>602</xmax>
			<ymax>386</ymax>
		</bndbox>
	</object>
</annotation>
