<annotation>
	<folder>selected_images</folder>
	<filename>125.jpg</filename>
	<path>C:\Users\Administrator\Desktop\selected_images\125.jpg</path>
	<source>
		<database>Unknown</database>
	</source>
	<size>
		<width>2864</width>
		<height>1863</height>
		<depth>3</depth>
	</size>
	<segmented>0</segmented>
	<object>
		<name>human_face</name>
		<pose>Unspecified</pose>
		<truncated>0</truncated>
		<difficult>0</difficult>
		<bndbox>
			<xmin>1207</xmin>
			<ymin>72</ymin>
			<xmax>1693</xmax>
			<ymax>789</ymax>
		</bndbox>
	</object>
	<object>
		<name>fish</name>
		<pose>Unspecified</pose>
		<truncated>0</truncated>
		<difficult>0</difficult>
		<bndbox>
			<xmin>404</xmin>
			<ymin>901</ymin>
			<xmax>2447</xmax>
			<ymax>1738</ymax>
		</bndbox>
	</object>
</annotation>
