<annotation>
	<folder>selected_images</folder>
	<filename>126.jpg</filename>
	<path>C:\Users\Administrator\Desktop\selected_images\126.jpg</path>
	<source>
		<database>Unknown</database>
	</source>
	<size>
		<width>500</width>
		<height>484</height>
		<depth>3</depth>
	</size>
	<segmented>0</segmented>
	<object>
		<name>human_face</name>
		<pose>Unspecified</pose>
		<truncated>0</truncated>
		<difficult>0</difficult>
		<bndbox>
			<xmin>197</xmin>
			<ymin>21</ymin>
			<xmax>346</xmax>
			<ymax>178</ymax>
		</bndbox>
	</object>
	<object>
		<name>fish</name>
		<pose>Unspecified</pose>
		<truncated>0</truncated>
		<difficult>0</difficult>
		<bndbox>
			<xmin>53</xmin>
			<ymin>167</ymin>
			<xmax>428</xmax>
			<ymax>293</ymax>
		</bndbox>
	</object>
</annotation>
