<annotation>
	<folder>selected_images</folder>
	<filename>127.jpg</filename>
	<path>C:\Users\Administrator\Desktop\selected_images\127.jpg</path>
	<source>
		<database>Unknown</database>
	</source>
	<size>
		<width>600</width>
		<height>452</height>
		<depth>3</depth>
	</size>
	<segmented>0</segmented>
	<object>
		<name>human_face</name>
		<pose>Unspecified</pose>
		<truncated>0</truncated>
		<difficult>0</difficult>
		<bndbox>
			<xmin>212</xmin>
			<ymin>2</ymin>
			<xmax>329</xmax>
			<ymax>155</ymax>
		</bndbox>
	</object>
	<object>
		<name>fish</name>
		<pose>Unspecified</pose>
		<truncated>0</truncated>
		<difficult>0</difficult>
		<bndbox>
			<xmin>57</xmin>
			<ymin>194</ymin>
			<xmax>530</xmax>
			<ymax>451</ymax>
		</bndbox>
	</object>
</annotation>
