<annotation>
	<folder>selected_images</folder>
	<filename>128.jpg</filename>
	<path>C:\Users\Administrator\Desktop\selected_images\128.jpg</path>
	<source>
		<database>Unknown</database>
	</source>
	<size>
		<width>640</width>
		<height>480</height>
		<depth>3</depth>
	</size>
	<segmented>0</segmented>
	<object>
		<name>fish</name>
		<pose>Unspecified</pose>
		<truncated>1</truncated>
		<difficult>0</difficult>
		<bndbox>
			<xmin>1</xmin>
			<ymin>14</ymin>
			<xmax>613</xmax>
			<ymax>429</ymax>
		</bndbox>
	</object>
</annotation>
