<annotation>
	<folder>selected_images</folder>
	<filename>129.jpg</filename>
	<path>C:\Users\Administrator\Desktop\selected_images\129.jpg</path>
	<source>
		<database>Unknown</database>
	</source>
	<size>
		<width>418</width>
		<height>500</height>
		<depth>3</depth>
	</size>
	<segmented>0</segmented>
	<object>
		<name>fish</name>
		<pose>Unspecified</pose>
		<truncated>0</truncated>
		<difficult>0</difficult>
		<bndbox>
			<xmin>79</xmin>
			<ymin>316</ymin>
			<xmax>330</xmax>
			<ymax>437</ymax>
		</bndbox>
	</object>
	<object>
		<name>human_face</name>
		<pose>Unspecified</pose>
		<truncated>0</truncated>
		<difficult>0</difficult>
		<bndbox>
			<xmin>152</xmin>
			<ymin>9</ymin>
			<xmax>259</xmax>
			<ymax>146</ymax>
		</bndbox>
	</object>
</annotation>
