<annotation>
	<folder>selected_images</folder>
	<filename>130.jpg</filename>
	<path>C:\Users\Administrator\Desktop\selected_images\130.jpg</path>
	<source>
		<database>Unknown</database>
	</source>
	<size>
		<width>1855</width>
		<height>2048</height>
		<depth>3</depth>
	</size>
	<segmented>0</segmented>
	<object>
		<name>human_face</name>
		<pose>Unspecified</pose>
		<truncated>0</truncated>
		<difficult>0</difficult>
		<bndbox>
			<xmin>639</xmin>
			<ymin>279</ymin>
			<xmax>983</xmax>
			<ymax>749</ymax>
		</bndbox>
	</object>
	<object>
		<name>fish</name>
		<pose>Unspecified</pose>
		<truncated>0</truncated>
		<difficult>0</difficult>
		<bndbox>
			<xmin>259</xmin>
			<ymin>1007</ymin>
			<xmax>1320</xmax>
			<ymax>1451</ymax>
		</bndbox>
	</object>
</annotation>
