<annotation>
	<folder>selected_images</folder>
	<filename>131.jpg</filename>
	<path>C:\Users\Administrator\Desktop\selected_images\131.jpg</path>
	<source>
		<database>Unknown</database>
	</source>
	<size>
		<width>450</width>
		<height>600</height>
		<depth>3</depth>
	</size>
	<segmented>0</segmented>
	<object>
		<name>human_face</name>
		<pose>Unspecified</pose>
		<truncated>0</truncated>
		<difficult>0</difficult>
		<bndbox>
			<xmin>158</xmin>
			<ymin>21</ymin>
			<xmax>257</xmax>
			<ymax>164</ymax>
		</bndbox>
	</object>
	<object>
		<name>fish</name>
		<pose>Unspecified</pose>
		<truncated>0</truncated>
		<difficult>0</difficult>
		<bndbox>
			<xmin>68</xmin>
			<ymin>200</ymin>
			<xmax>390</xmax>
			<ymax>328</ymax>
		</bndbox>
	</object>
</annotation>
