<annotation>
	<folder>selected_images</folder>
	<filename>132.jpg</filename>
	<path>C:\Users\Administrator\Desktop\selected_images\132.jpg</path>
	<source>
		<database>Unknown</database>
	</source>
	<size>
		<width>709</width>
		<height>435</height>
		<depth>3</depth>
	</size>
	<segmented>0</segmented>
	<object>
		<name>fish</name>
		<pose>Unspecified</pose>
		<truncated>0</truncated>
		<difficult>0</difficult>
		<bndbox>
			<xmin>224</xmin>
			<ymin>216</ymin>
			<xmax>515</xmax>
			<ymax>346</ymax>
		</bndbox>
	</object>
	<object>
		<name>human_face</name>
		<pose>Unspecified</pose>
		<truncated>0</truncated>
		<difficult>0</difficult>
		<bndbox>
			<xmin>307</xmin>
			<ymin>69</ymin>
			<xmax>395</xmax>
			<ymax>199</ymax>
		</bndbox>
	</object>
</annotation>
