<annotation>
	<folder>selected_images</folder>
	<filename>133.jpg</filename>
	<path>C:\Users\Administrator\Desktop\selected_images\133.jpg</path>
	<source>
		<database>Unknown</database>
	</source>
	<size>
		<width>679</width>
		<height>421</height>
		<depth>3</depth>
	</size>
	<segmented>0</segmented>
	<object>
		<name>fish</name>
		<pose>Unspecified</pose>
		<truncated>0</truncated>
		<difficult>0</difficult>
		<bndbox>
			<xmin>10</xmin>
			<ymin>3</ymin>
			<xmax>678</xmax>
			<ymax>361</ymax>
		</bndbox>
	</object>
</annotation>
