<annotation>
	<folder>selected_images</folder>
	<filename>134.jpg</filename>
	<path>C:\Users\Administrator\Desktop\selected_images\134.jpg</path>
	<source>
		<database>Unknown</database>
	</source>
	<size>
		<width>482</width>
		<height>516</height>
		<depth>3</depth>
	</size>
	<segmented>0</segmented>
	<object>
		<name>fish</name>
		<pose>Unspecified</pose>
		<truncated>1</truncated>
		<difficult>0</difficult>
		<bndbox>
			<xmin>1</xmin>
			<ymin>305</ymin>
			<xmax>314</xmax>
			<ymax>511</ymax>
		</bndbox>
	</object>
</annotation>
