<annotation>
	<folder>selected_images</folder>
	<filename>135.jpg</filename>
	<path>C:\Users\Administrator\Desktop\selected_images\135.jpg</path>
	<source>
		<database>Unknown</database>
	</source>
	<size>
		<width>724</width>
		<height>800</height>
		<depth>3</depth>
	</size>
	<segmented>0</segmented>
	<object>
		<name>fish</name>
		<pose>Unspecified</pose>
		<truncated>0</truncated>
		<difficult>0</difficult>
		<bndbox>
			<xmin>54</xmin>
			<ymin>407</ymin>
			<xmax>691</xmax>
			<ymax>764</ymax>
		</bndbox>
	</object>
	<object>
		<name>human_face</name>
		<pose>Unspecified</pose>
		<truncated>0</truncated>
		<difficult>0</difficult>
		<bndbox>
			<xmin>221</xmin>
			<ymin>127</ymin>
			<xmax>410</xmax>
			<ymax>361</ymax>
		</bndbox>
	</object>
</annotation>
