<annotation>
	<folder>selected_images</folder>
	<filename>137.jpg</filename>
	<path>C:\Users\Administrator\Desktop\selected_images\137.jpg</path>
	<source>
		<database>Unknown</database>
	</source>
	<size>
		<width>484</width>
		<height>640</height>
		<depth>3</depth>
	</size>
	<segmented>0</segmented>
	<object>
		<name>fish</name>
		<pose>Unspecified</pose>
		<truncated>1</truncated>
		<difficult>0</difficult>
		<bndbox>
			<xmin>163</xmin>
			<ymin>346</ymin>
			<xmax>255</xmax>
			<ymax>640</ymax>
		</bndbox>
	</object>
	<object>
		<name>human_face</name>
		<pose>Unspecified</pose>
		<truncated>0</truncated>
		<difficult>0</difficult>
		<bndbox>
			<xmin>148</xmin>
			<ymin>7</ymin>
			<xmax>297</xmax>
			<ymax>205</ymax>
		</bndbox>
	</object>
</annotation>
