<annotation>
	<folder>selected_images</folder>
	<filename>138.jpg</filename>
	<path>C:\Users\Administrator\Desktop\selected_images\138.jpg</path>
	<source>
		<database>Unknown</database>
	</source>
	<size>
		<width>500</width>
		<height>492</height>
		<depth>3</depth>
	</size>
	<segmented>0</segmented>
	<object>
		<name>human_face</name>
		<pose>Unspecified</pose>
		<truncated>0</truncated>
		<difficult>0</difficult>
		<bndbox>
			<xmin>196</xmin>
			<ymin>4</ymin>
			<xmax>302</xmax>
			<ymax>148</ymax>
		</bndbox>
	</object>
	<object>
		<name>fish</name>
		<pose>Unspecified</pose>
		<truncated>0</truncated>
		<difficult>0</difficult>
		<bndbox>
			<xmin>66</xmin>
			<ymin>167</ymin>
			<xmax>368</xmax>
			<ymax>426</ymax>
		</bndbox>
	</object>
</annotation>
