<annotation>
	<folder>selected_images</folder>
	<filename>139.jpg</filename>
	<path>C:\Users\Administrator\Desktop\selected_images\139.jpg</path>
	<source>
		<database>Unknown</database>
	</source>
	<size>
		<width>759</width>
		<height>576</height>
		<depth>3</depth>
	</size>
	<segmented>0</segmented>
	<object>
		<name>human_face</name>
		<pose>Unspecified</pose>
		<truncated>0</truncated>
		<difficult>0</difficult>
		<bndbox>
			<xmin>292</xmin>
			<ymin>74</ymin>
			<xmax>416</xmax>
			<ymax>251</ymax>
		</bndbox>
	</object>
	<object>
		<name>fish</name>
		<pose>Unspecified</pose>
		<truncated>0</truncated>
		<difficult>0</difficult>
		<bndbox>
			<xmin>232</xmin>
			<ymin>282</ymin>
			<xmax>589</xmax>
			<ymax>431</ymax>
		</bndbox>
	</object>
</annotation>
