<annotation>
	<folder>selected_images</folder>
	<filename>140.jpg</filename>
	<path>C:\Users\Administrator\Desktop\selected_images\140.jpg</path>
	<source>
		<database>Unknown</database>
	</source>
	<size>
		<width>627</width>
		<height>618</height>
		<depth>3</depth>
	</size>
	<segmented>0</segmented>
	<object>
		<name>fish</name>
		<pose>Unspecified</pose>
		<truncated>0</truncated>
		<difficult>0</difficult>
		<bndbox>
			<xmin>208</xmin>
			<ymin>273</ymin>
			<xmax>613</xmax>
			<ymax>459</ymax>
		</bndbox>
	</object>
	<object>
		<name>human_face</name>
		<pose>Unspecified</pose>
		<truncated>0</truncated>
		<difficult>0</difficult>
		<bndbox>
			<xmin>176</xmin>
			<ymin>23</ymin>
			<xmax>334</xmax>
			<ymax>249</ymax>
		</bndbox>
	</object>
</annotation>
