<annotation>
	<folder>selected_images</folder>
	<filename>141.jpg</filename>
	<path>C:\Users\Administrator\Desktop\selected_images\141.jpg</path>
	<source>
		<database>Unknown</database>
	</source>
	<size>
		<width>1489</width>
		<height>722</height>
		<depth>3</depth>
	</size>
	<segmented>0</segmented>
	<object>
		<name>fish</name>
		<pose>Unspecified</pose>
		<truncated>0</truncated>
		<difficult>0</difficult>
		<bndbox>
			<xmin>12</xmin>
			<ymin>110</ymin>
			<xmax>1486</xmax>
			<ymax>570</ymax>
		</bndbox>
	</object>
</annotation>
