<annotation>
	<folder>selected_images</folder>
	<filename>142.jpg</filename>
	<path>C:\Users\Administrator\Desktop\selected_images\142.jpg</path>
	<source>
		<database>Unknown</database>
	</source>
	<size>
		<width>640</width>
		<height>480</height>
		<depth>3</depth>
	</size>
	<segmented>0</segmented>
	<object>
		<name>fish</name>
		<pose>Unspecified</pose>
		<truncated>0</truncated>
		<difficult>0</difficult>
		<bndbox>
			<xmin>43</xmin>
			<ymin>152</ymin>
			<xmax>560</xmax>
			<ymax>368</ymax>
		</bndbox>
	</object>
</annotation>
