<annotation>
	<folder>selected_images</folder>
	<filename>143.jpg</filename>
	<path>C:\Users\Administrator\Desktop\selected_images\143.jpg</path>
	<source>
		<database>Unknown</database>
	</source>
	<size>
		<width>500</width>
		<height>428</height>
		<depth>3</depth>
	</size>
	<segmented>0</segmented>
	<object>
		<name>fish</name>
		<pose>Unspecified</pose>
		<truncated>0</truncated>
		<difficult>0</difficult>
		<bndbox>
			<xmin>47</xmin>
			<ymin>200</ymin>
			<xmax>389</xmax>
			<ymax>351</ymax>
		</bndbox>
	</object>
	<object>
		<name>human_face</name>
		<pose>Unspecified</pose>
		<truncated>0</truncated>
		<difficult>0</difficult>
		<bndbox>
			<xmin>176</xmin>
			<ymin>17</ymin>
			<xmax>283</xmax>
			<ymax>144</ymax>
		</bndbox>
	</object>
</annotation>
