<annotation>
	<folder>selected_images</folder>
	<filename>144.jpg</filename>
	<path>C:\Users\Administrator\Desktop\selected_images\144.jpg</path>
	<source>
		<database>Unknown</database>
	</source>
	<size>
		<width>1024</width>
		<height>664</height>
		<depth>3</depth>
	</size>
	<segmented>0</segmented>
	<object>
		<name>human_face</name>
		<pose>Unspecified</pose>
		<truncated>0</truncated>
		<difficult>0</difficult>
		<bndbox>
			<xmin>504</xmin>
			<ymin>135</ymin>
			<xmax>698</xmax>
			<ymax>333</ymax>
		</bndbox>
	</object>
	<object>
		<name>fish</name>
		<pose>Unspecified</pose>
		<truncated>0</truncated>
		<difficult>0</difficult>
		<bndbox>
			<xmin>291</xmin>
			<ymin>233</ymin>
			<xmax>459</xmax>
			<ymax>597</ymax>
		</bndbox>
	</object>
</annotation>
