<annotation>
	<folder>selected_images</folder>
	<filename>145.jpg</filename>
	<path>C:\Users\Administrator\Desktop\selected_images\145.jpg</path>
	<source>
		<database>Unknown</database>
	</source>
	<size>
		<width>640</width>
		<height>480</height>
		<depth>3</depth>
	</size>
	<segmented>0</segmented>
	<object>
		<name>human_face</name>
		<pose>Unspecified</pose>
		<truncated>1</truncated>
		<difficult>0</difficult>
		<bndbox>
			<xmin>231</xmin>
			<ymin>1</ymin>
			<xmax>350</xmax>
			<ymax>141</ymax>
		</bndbox>
	</object>
	<object>
		<name>fish</name>
		<pose>Unspecified</pose>
		<truncated>0</truncated>
		<difficult>0</difficult>
		<bndbox>
			<xmin>174</xmin>
			<ymin>252</ymin>
			<xmax>508</xmax>
			<ymax>363</ymax>
		</bndbox>
	</object>
</annotation>
