<annotation>
	<folder>selected_images</folder>
	<filename>146.jpg</filename>
	<path>C:\Users\Administrator\Desktop\selected_images\146.jpg</path>
	<source>
		<database>Unknown</database>
	</source>
	<size>
		<width>640</width>
		<height>480</height>
		<depth>3</depth>
	</size>
	<segmented>0</segmented>
	<object>
		<name>fish</name>
		<pose>Unspecified</pose>
		<truncated>0</truncated>
		<difficult>0</difficult>
		<bndbox>
			<xmin>10</xmin>
			<ymin>105</ymin>
			<xmax>593</xmax>
			<ymax>442</ymax>
		</bndbox>
	</object>
</annotation>
