<annotation>
	<folder>selected_images</folder>
	<filename>147.jpg</filename>
	<path>C:\Users\Administrator\Desktop\selected_images\147.jpg</path>
	<source>
		<database>Unknown</database>
	</source>
	<size>
		<width>830</width>
		<height>469</height>
		<depth>3</depth>
	</size>
	<segmented>0</segmented>
	<object>
		<name>fish</name>
		<pose>Unspecified</pose>
		<truncated>0</truncated>
		<difficult>0</difficult>
		<bndbox>
			<xmin>22</xmin>
			<ymin>82</ymin>
			<xmax>777</xmax>
			<ymax>396</ymax>
		</bndbox>
	</object>
</annotation>
