<annotation>
	<folder>selected_images</folder>
	<filename>148.jpg</filename>
	<path>C:\Users\Administrator\Desktop\selected_images\148.jpg</path>
	<source>
		<database>Unknown</database>
	</source>
	<size>
		<width>800</width>
		<height>600</height>
		<depth>3</depth>
	</size>
	<segmented>0</segmented>
	<object>
		<name>human_face</name>
		<pose>Unspecified</pose>
		<truncated>0</truncated>
		<difficult>0</difficult>
		<bndbox>
			<xmin>187</xmin>
			<ymin>50</ymin>
			<xmax>390</xmax>
			<ymax>240</ymax>
		</bndbox>
	</object>
	<object>
		<name>fish</name>
		<pose>Unspecified</pose>
		<truncated>0</truncated>
		<difficult>0</difficult>
		<bndbox>
			<xmin>145</xmin>
			<ymin>233</ymin>
			<xmax>786</xmax>
			<ymax>527</ymax>
		</bndbox>
	</object>
</annotation>
