<annotation>
	<folder>selected_images</folder>
	<filename>149.jpg</filename>
	<path>C:\Users\Administrator\Desktop\selected_images\149.jpg</path>
	<source>
		<database>Unknown</database>
	</source>
	<size>
		<width>640</width>
		<height>853</height>
		<depth>3</depth>
	</size>
	<segmented>0</segmented>
	<object>
		<name>fish</name>
		<pose>Unspecified</pose>
		<truncated>0</truncated>
		<difficult>0</difficult>
		<bndbox>
			<xmin>94</xmin>
			<ymin>416</ymin>
			<xmax>553</xmax>
			<ymax>626</ymax>
		</bndbox>
	</object>
	<object>
		<name>human_face</name>
		<pose>Unspecified</pose>
		<truncated>0</truncated>
		<difficult>0</difficult>
		<bndbox>
			<xmin>248</xmin>
			<ymin>115</ymin>
			<xmax>382</xmax>
			<ymax>289</ymax>
		</bndbox>
	</object>
</annotation>
