<annotation>
	<folder>selected_images</folder>
	<filename>150.jpg</filename>
	<path>C:\Users\Administrator\Desktop\selected_images\150.jpg</path>
	<source>
		<database>Unknown</database>
	</source>
	<size>
		<width>800</width>
		<height>600</height>
		<depth>3</depth>
	</size>
	<segmented>0</segmented>
	<object>
		<name>human_face</name>
		<pose>Unspecified</pose>
		<truncated>0</truncated>
		<difficult>0</difficult>
		<bndbox>
			<xmin>290</xmin>
			<ymin>4</ymin>
			<xmax>463</xmax>
			<ymax>233</ymax>
		</bndbox>
	</object>
	<object>
		<name>fish</name>
		<pose>Unspecified</pose>
		<truncated>0</truncated>
		<difficult>0</difficult>
		<bndbox>
			<xmin>121</xmin>
			<ymin>248</ymin>
			<xmax>627</xmax>
			<ymax>495</ymax>
		</bndbox>
	</object>
</annotation>
