<annotation>
	<folder>selected_images</folder>
	<filename>151.jpg</filename>
	<path>C:\Users\Administrator\Desktop\selected_images\151.jpg</path>
	<source>
		<database>Unknown</database>
	</source>
	<size>
		<width>3264</width>
		<height>2448</height>
		<depth>3</depth>
	</size>
	<segmented>0</segmented>
	<object>
		<name>fish</name>
		<pose>Unspecified</pose>
		<truncated>0</truncated>
		<difficult>0</difficult>
		<bndbox>
			<xmin>239</xmin>
			<ymin>832</ymin>
			<xmax>3123</xmax>
			<ymax>2129</ymax>
		</bndbox>
	</object>
	<object>
		<name>human_face</name>
		<pose>Unspecified</pose>
		<truncated>0</truncated>
		<difficult>0</difficult>
		<bndbox>
			<xmin>1201</xmin>
			<ymin>342</ymin>
			<xmax>1794</xmax>
			<ymax>832</ymax>
		</bndbox>
	</object>
</annotation>
