<annotation>
	<folder>selected_images</folder>
	<filename>152.jpg</filename>
	<path>C:\Users\Administrator\Desktop\selected_images\152.jpg</path>
	<source>
		<database>Unknown</database>
	</source>
	<size>
		<width>590</width>
		<height>442</height>
		<depth>3</depth>
	</size>
	<segmented>0</segmented>
	<object>
		<name>human_face</name>
		<pose>Unspecified</pose>
		<truncated>0</truncated>
		<difficult>0</difficult>
		<bndbox>
			<xmin>227</xmin>
			<ymin>25</ymin>
			<xmax>315</xmax>
			<ymax>147</ymax>
		</bndbox>
	</object>
	<object>
		<name>fish</name>
		<pose>Unspecified</pose>
		<truncated>0</truncated>
		<difficult>0</difficult>
		<bndbox>
			<xmin>124</xmin>
			<ymin>179</ymin>
			<xmax>433</xmax>
			<ymax>346</ymax>
		</bndbox>
	</object>
</annotation>
