<annotation>
	<folder>selected_images</folder>
	<filename>153.jpg</filename>
	<path>C:\Users\Administrator\Desktop\selected_images\153.jpg</path>
	<source>
		<database>Unknown</database>
	</source>
	<size>
		<width>616</width>
		<height>893</height>
		<depth>3</depth>
	</size>
	<segmented>0</segmented>
	<object>
		<name>human_face</name>
		<pose>Unspecified</pose>
		<truncated>0</truncated>
		<difficult>0</difficult>
		<bndbox>
			<xmin>210</xmin>
			<ymin>11</ymin>
			<xmax>423</xmax>
			<ymax>304</ymax>
		</bndbox>
	</object>
	<object>
		<name>fish</name>
		<pose>Unspecified</pose>
		<truncated>0</truncated>
		<difficult>0</difficult>
		<bndbox>
			<xmin>118</xmin>
			<ymin>707</ymin>
			<xmax>526</xmax>
			<ymax>887</ymax>
		</bndbox>
	</object>
</annotation>
