<annotation>
	<folder>selected_images</folder>
	<filename>154.jpg</filename>
	<path>C:\Users\Administrator\Desktop\selected_images\154.jpg</path>
	<source>
		<database>Unknown</database>
	</source>
	<size>
		<width>500</width>
		<height>428</height>
		<depth>3</depth>
	</size>
	<segmented>0</segmented>
	<object>
		<name>fish</name>
		<pose>Unspecified</pose>
		<truncated>0</truncated>
		<difficult>0</difficult>
		<bndbox>
			<xmin>113</xmin>
			<ymin>52</ymin>
			<xmax>361</xmax>
			<ymax>366</ymax>
		</bndbox>
	</object>
</annotation>
