<annotation>
	<folder>selected_images</folder>
	<filename>156.jpg</filename>
	<path>C:\Users\Administrator\Desktop\selected_images\156.jpg</path>
	<source>
		<database>Unknown</database>
	</source>
	<size>
		<width>640</width>
		<height>480</height>
		<depth>3</depth>
	</size>
	<segmented>0</segmented>
	<object>
		<name>fish</name>
		<pose>Unspecified</pose>
		<truncated>0</truncated>
		<difficult>0</difficult>
		<bndbox>
			<xmin>2</xmin>
			<ymin>177</ymin>
			<xmax>582</xmax>
			<ymax>464</ymax>
		</bndbox>
	</object>
</annotation>
