<annotation>
	<folder>selected_images</folder>
	<filename>157.jpg</filename>
	<path>C:\Users\Administrator\Desktop\selected_images\157.jpg</path>
	<source>
		<database>Unknown</database>
	</source>
	<size>
		<width>500</width>
		<height>455</height>
		<depth>3</depth>
	</size>
	<segmented>0</segmented>
	<object>
		<name>human_face</name>
		<pose>Unspecified</pose>
		<truncated>0</truncated>
		<difficult>0</difficult>
		<bndbox>
			<xmin>215</xmin>
			<ymin>13</ymin>
			<xmax>301</xmax>
			<ymax>136</ymax>
		</bndbox>
	</object>
	<object>
		<name>fish</name>
		<pose>Unspecified</pose>
		<truncated>0</truncated>
		<difficult>0</difficult>
		<bndbox>
			<xmin>190</xmin>
			<ymin>208</ymin>
			<xmax>454</xmax>
			<ymax>296</ymax>
		</bndbox>
	</object>
</annotation>
