<annotation>
	<folder>selected_images</folder>
	<filename>158.jpg</filename>
	<path>C:\Users\Administrator\Desktop\selected_images\158.jpg</path>
	<source>
		<database>Unknown</database>
	</source>
	<size>
		<width>600</width>
		<height>450</height>
		<depth>3</depth>
	</size>
	<segmented>0</segmented>
	<object>
		<name>human_face</name>
		<pose>Unspecified</pose>
		<truncated>0</truncated>
		<difficult>0</difficult>
		<bndbox>
			<xmin>270</xmin>
			<ymin>73</ymin>
			<xmax>363</xmax>
			<ymax>197</ymax>
		</bndbox>
	</object>
	<object>
		<name>fish</name>
		<pose>Unspecified</pose>
		<truncated>0</truncated>
		<difficult>0</difficult>
		<bndbox>
			<xmin>156</xmin>
			<ymin>236</ymin>
			<xmax>393</xmax>
			<ymax>341</ymax>
		</bndbox>
	</object>
</annotation>
