<annotation>
	<folder>selected_images</folder>
	<filename>159.jpg</filename>
	<path>C:\Users\Administrator\Desktop\selected_images\159.jpg</path>
	<source>
		<database>Unknown</database>
	</source>
	<size>
		<width>693</width>
		<height>800</height>
		<depth>3</depth>
	</size>
	<segmented>0</segmented>
	<object>
		<name>human_face</name>
		<pose>Unspecified</pose>
		<truncated>0</truncated>
		<difficult>0</difficult>
		<bndbox>
			<xmin>243</xmin>
			<ymin>101</ymin>
			<xmax>407</xmax>
			<ymax>252</ymax>
		</bndbox>
	</object>
	<object>
		<name>fish</name>
		<pose>Unspecified</pose>
		<truncated>0</truncated>
		<difficult>0</difficult>
		<bndbox>
			<xmin>132</xmin>
			<ymin>354</ymin>
			<xmax>571</xmax>
			<ymax>553</ymax>
		</bndbox>
	</object>
</annotation>
