<annotation>
	<folder>selected_images</folder>
	<filename>162.jpg</filename>
	<path>/home/wei/server_share/20190304/selected_images/162.jpg</path>
	<source>
		<database>Unknown</database>
	</source>
	<size>
		<width>2010</width>
		<height>2563</height>
		<depth>3</depth>
	</size>
	<segmented>0</segmented>
	<object>
		<name>fish</name>
		<pose>Unspecified</pose>
		<truncated>0</truncated>
		<difficult>0</difficult>
		<bndbox>
			<xmin>175</xmin>
			<ymin>920</ymin>
			<xmax>1715</xmax>
			<ymax>1602</ymax>
		</bndbox>
	</object>
	<object>
		<name>human_face</name>
		<pose>Unspecified</pose>
		<truncated>0</truncated>
		<difficult>0</difficult>
		<bndbox>
			<xmin>813</xmin>
			<ymin>55</ymin>
			<xmax>1270</xmax>
			<ymax>640</ymax>
		</bndbox>
	</object>
</annotation>
