<annotation>
	<folder>selected_images</folder>
	<filename>163.jpg</filename>
	<path>/home/wei/server_share/20190304/selected_images/163.jpg</path>
	<source>
		<database>Unknown</database>
	</source>
	<size>
		<width>1024</width>
		<height>643</height>
		<depth>3</depth>
	</size>
	<segmented>0</segmented>
	<object>
		<name>fish</name>
		<pose>Unspecified</pose>
		<truncated>1</truncated>
		<difficult>0</difficult>
		<bndbox>
			<xmin>153</xmin>
			<ymin>234</ymin>
			<xmax>900</xmax>
			<ymax>643</ymax>
		</bndbox>
	</object>
	<object>
		<name>human_face</name>
		<pose>Unspecified</pose>
		<truncated>0</truncated>
		<difficult>0</difficult>
		<bndbox>
			<xmin>418</xmin>
			<ymin>41</ymin>
			<xmax>577</xmax>
			<ymax>244</ymax>
		</bndbox>
	</object>
</annotation>
