<annotation>
	<folder>selected_images</folder>
	<filename>164.jpg</filename>
	<path>/home/wei/server_share/20190304/selected_images/164.jpg</path>
	<source>
		<database>Unknown</database>
	</source>
	<size>
		<width>640</width>
		<height>480</height>
		<depth>3</depth>
	</size>
	<segmented>0</segmented>
	<object>
		<name>fish</name>
		<pose>Unspecified</pose>
		<truncated>0</truncated>
		<difficult>0</difficult>
		<bndbox>
			<xmin>163</xmin>
			<ymin>96</ymin>
			<xmax>495</xmax>
			<ymax>356</ymax>
		</bndbox>
	</object>
</annotation>
