<annotation>
	<folder>selected_images</folder>
	<filename>165.jpg</filename>
	<path>/home/wei/server_share/20190304/selected_images/165.jpg</path>
	<source>
		<database>Unknown</database>
	</source>
	<size>
		<width>464</width>
		<height>450</height>
		<depth>3</depth>
	</size>
	<segmented>0</segmented>
	<object>
		<name>human_face</name>
		<pose>Unspecified</pose>
		<truncated>1</truncated>
		<difficult>0</difficult>
		<bndbox>
			<xmin>164</xmin>
			<ymin>1</ymin>
			<xmax>290</xmax>
			<ymax>148</ymax>
		</bndbox>
	</object>
	<object>
		<name>fish</name>
		<pose>Unspecified</pose>
		<truncated>0</truncated>
		<difficult>0</difficult>
		<bndbox>
			<xmin>29</xmin>
			<ymin>192</ymin>
			<xmax>433</xmax>
			<ymax>425</ymax>
		</bndbox>
	</object>
</annotation>
