<annotation>
	<folder>selected_images</folder>
	<filename>166.jpg</filename>
	<path>/home/wei/server_share/20190304/selected_images/166.jpg</path>
	<source>
		<database>Unknown</database>
	</source>
	<size>
		<width>757</width>
		<height>502</height>
		<depth>3</depth>
	</size>
	<segmented>0</segmented>
	<object>
		<name>human_face</name>
		<pose>Unspecified</pose>
		<truncated>0</truncated>
		<difficult>0</difficult>
		<bndbox>
			<xmin>342</xmin>
			<ymin>23</ymin>
			<xmax>493</xmax>
			<ymax>211</ymax>
		</bndbox>
	</object>
	<object>
		<name>fish</name>
		<pose>Unspecified</pose>
		<truncated>0</truncated>
		<difficult>0</difficult>
		<bndbox>
			<xmin>69</xmin>
			<ymin>243</ymin>
			<xmax>634</xmax>
			<ymax>494</ymax>
		</bndbox>
	</object>
</annotation>
