<annotation>
	<folder>selected_images</folder>
	<filename>168.jpg</filename>
	<path>/home/wei/server_share/20190304/selected_images/168.jpg</path>
	<source>
		<database>Unknown</database>
	</source>
	<size>
		<width>1301</width>
		<height>869</height>
		<depth>3</depth>
	</size>
	<segmented>0</segmented>
	<object>
		<name>fish</name>
		<pose>Unspecified</pose>
		<truncated>0</truncated>
		<difficult>0</difficult>
		<bndbox>
			<xmin>471</xmin>
			<ymin>480</ymin>
			<xmax>919</xmax>
			<ymax>655</ymax>
		</bndbox>
	</object>
	<object>
		<name>human_face</name>
		<pose>Unspecified</pose>
		<truncated>0</truncated>
		<difficult>0</difficult>
		<bndbox>
			<xmin>549</xmin>
			<ymin>127</ymin>
			<xmax>690</xmax>
			<ymax>309</ymax>
		</bndbox>
	</object>
</annotation>
