<annotation>
	<folder>selected_images</folder>
	<filename>169.jpg</filename>
	<path>/home/wei/server_share/20190304/selected_images/169.jpg</path>
	<source>
		<database>Unknown</database>
	</source>
	<size>
		<width>1536</width>
		<height>1152</height>
		<depth>3</depth>
	</size>
	<segmented>0</segmented>
	<object>
		<name>fish</name>
		<pose>Unspecified</pose>
		<truncated>0</truncated>
		<difficult>0</difficult>
		<bndbox>
			<xmin>190</xmin>
			<ymin>290</ymin>
			<xmax>784</xmax>
			<ymax>654</ymax>
		</bndbox>
	</object>
	<object>
		<name>fish</name>
		<pose>Unspecified</pose>
		<truncated>0</truncated>
		<difficult>0</difficult>
		<bndbox>
			<xmin>227</xmin>
			<ymin>657</ymin>
			<xmax>604</xmax>
			<ymax>1119</ymax>
		</bndbox>
	</object>
</annotation>
