<annotation>
	<folder>selected_images</folder>
	<filename>171.jpg</filename>
	<path>/home/wei/server_share/20190304/selected_images/171.jpg</path>
	<source>
		<database>Unknown</database>
	</source>
	<size>
		<width>590</width>
		<height>480</height>
		<depth>3</depth>
	</size>
	<segmented>0</segmented>
	<object>
		<name>fish</name>
		<pose>Unspecified</pose>
		<truncated>0</truncated>
		<difficult>0</difficult>
		<bndbox>
			<xmin>83</xmin>
			<ymin>260</ymin>
			<xmax>455</xmax>
			<ymax>437</ymax>
		</bndbox>
	</object>
	<object>
		<name>human_face</name>
		<pose>Unspecified</pose>
		<truncated>0</truncated>
		<difficult>0</difficult>
		<bndbox>
			<xmin>237</xmin>
			<ymin>22</ymin>
			<xmax>365</xmax>
			<ymax>197</ymax>
		</bndbox>
	</object>
</annotation>
