<annotation>
	<folder>selected_images</folder>
	<filename>172.jpg</filename>
	<path>/home/wei/server_share/20190304/selected_images/172.jpg</path>
	<source>
		<database>Unknown</database>
	</source>
	<size>
		<width>1451</width>
		<height>1088</height>
		<depth>3</depth>
	</size>
	<segmented>0</segmented>
	<object>
		<name>fish</name>
		<pose>Unspecified</pose>
		<truncated>1</truncated>
		<difficult>0</difficult>
		<bndbox>
			<xmin>384</xmin>
			<ymin>737</ymin>
			<xmax>1135</xmax>
			<ymax>1088</ymax>
		</bndbox>
	</object>
	<object>
		<name>human_face</name>
		<pose>Unspecified</pose>
		<truncated>1</truncated>
		<difficult>0</difficult>
		<bndbox>
			<xmin>584</xmin>
			<ymin>1</ymin>
			<xmax>871</xmax>
			<ymax>430</ymax>
		</bndbox>
	</object>
</annotation>
