<annotation>
	<folder>selected_images</folder>
	<filename>173.jpg</filename>
	<path>/home/wei/server_share/20190304/selected_images/173.jpg</path>
	<source>
		<database>Unknown</database>
	</source>
	<size>
		<width>834</width>
		<height>626</height>
		<depth>3</depth>
	</size>
	<segmented>0</segmented>
	<object>
		<name>human_face</name>
		<pose>Unspecified</pose>
		<truncated>0</truncated>
		<difficult>0</difficult>
		<bndbox>
			<xmin>263</xmin>
			<ymin>54</ymin>
			<xmax>452</xmax>
			<ymax>294</ymax>
		</bndbox>
	</object>
	<object>
		<name>fish</name>
		<pose>Unspecified</pose>
		<truncated>0</truncated>
		<difficult>0</difficult>
		<bndbox>
			<xmin>221</xmin>
			<ymin>270</ymin>
			<xmax>712</xmax>
			<ymax>437</ymax>
		</bndbox>
	</object>
</annotation>
