<annotation>
	<folder>selected_images</folder>
	<filename>175.jpg</filename>
	<path>/home/wei/server_share/20190304/selected_images/175.jpg</path>
	<source>
		<database>Unknown</database>
	</source>
	<size>
		<width>640</width>
		<height>480</height>
		<depth>3</depth>
	</size>
	<segmented>0</segmented>
	<object>
		<name>fish</name>
		<pose>Unspecified</pose>
		<truncated>0</truncated>
		<difficult>0</difficult>
		<bndbox>
			<xmin>4</xmin>
			<ymin>166</ymin>
			<xmax>600</xmax>
			<ymax>462</ymax>
		</bndbox>
	</object>
	<object>
		<name>human_face</name>
		<pose>Unspecified</pose>
		<truncated>0</truncated>
		<difficult>0</difficult>
		<bndbox>
			<xmin>283</xmin>
			<ymin>4</ymin>
			<xmax>431</xmax>
			<ymax>193</ymax>
		</bndbox>
	</object>
</annotation>
