<annotation>
	<folder>selected_images</folder>
	<filename>176.jpg</filename>
	<path>/home/wei/server_share/20190304/selected_images/176.jpg</path>
	<source>
		<database>Unknown</database>
	</source>
	<size>
		<width>625</width>
		<height>469</height>
		<depth>3</depth>
	</size>
	<segmented>0</segmented>
	<object>
		<name>human_face</name>
		<pose>Unspecified</pose>
		<truncated>1</truncated>
		<difficult>0</difficult>
		<bndbox>
			<xmin>193</xmin>
			<ymin>1</ymin>
			<xmax>325</xmax>
			<ymax>157</ymax>
		</bndbox>
	</object>
	<object>
		<name>fish</name>
		<pose>Unspecified</pose>
		<truncated>0</truncated>
		<difficult>0</difficult>
		<bndbox>
			<xmin>31</xmin>
			<ymin>180</ymin>
			<xmax>558</xmax>
			<ymax>433</ymax>
		</bndbox>
	</object>
</annotation>
