<annotation>
	<folder>selected_images</folder>
	<filename>177.jpg</filename>
	<path>/home/wei/server_share/20190304/selected_images/177.jpg</path>
	<source>
		<database>Unknown</database>
	</source>
	<size>
		<width>657</width>
		<height>931</height>
		<depth>3</depth>
	</size>
	<segmented>0</segmented>
	<object>
		<name>fish</name>
		<pose>Unspecified</pose>
		<truncated>0</truncated>
		<difficult>0</difficult>
		<bndbox>
			<xmin>20</xmin>
			<ymin>659</ymin>
			<xmax>556</xmax>
			<ymax>841</ymax>
		</bndbox>
	</object>
	<object>
		<name>human_face</name>
		<pose>Unspecified</pose>
		<truncated>0</truncated>
		<difficult>0</difficult>
		<bndbox>
			<xmin>132</xmin>
			<ymin>32</ymin>
			<xmax>320</xmax>
			<ymax>308</ymax>
		</bndbox>
	</object>
</annotation>
