<annotation>
	<folder>selected_images</folder>
	<filename>178.jpg</filename>
	<path>/home/wei/server_share/20190304/selected_images/178.jpg</path>
	<source>
		<database>Unknown</database>
	</source>
	<size>
		<width>600</width>
		<height>577</height>
		<depth>3</depth>
	</size>
	<segmented>0</segmented>
	<object>
		<name>human_face</name>
		<pose>Unspecified</pose>
		<truncated>0</truncated>
		<difficult>0</difficult>
		<bndbox>
			<xmin>135</xmin>
			<ymin>37</ymin>
			<xmax>309</xmax>
			<ymax>227</ymax>
		</bndbox>
	</object>
	<object>
		<name>fish</name>
		<pose>Unspecified</pose>
		<truncated>0</truncated>
		<difficult>0</difficult>
		<bndbox>
			<xmin>34</xmin>
			<ymin>234</ymin>
			<xmax>583</xmax>
			<ymax>434</ymax>
		</bndbox>
	</object>
</annotation>
