<annotation>
	<folder>selected_images</folder>
	<filename>179.jpg</filename>
	<path>/home/wei/server_share/20190304/selected_images/179.jpg</path>
	<source>
		<database>Unknown</database>
	</source>
	<size>
		<width>625</width>
		<height>583</height>
		<depth>3</depth>
	</size>
	<segmented>0</segmented>
	<object>
		<name>fish</name>
		<pose>Unspecified</pose>
		<truncated>0</truncated>
		<difficult>0</difficult>
		<bndbox>
			<xmin>299</xmin>
			<ymin>239</ymin>
			<xmax>588</xmax>
			<ymax>374</ymax>
		</bndbox>
	</object>
	<object>
		<name>human_face</name>
		<pose>Unspecified</pose>
		<truncated>0</truncated>
		<difficult>0</difficult>
		<bndbox>
			<xmin>171</xmin>
			<ymin>5</ymin>
			<xmax>314</xmax>
			<ymax>188</ymax>
		</bndbox>
	</object>
	<object>
		<name>human_face</name>
		<pose>Unspecified</pose>
		<truncated>0</truncated>
		<difficult>0</difficult>
		<bndbox>
			<xmin>354</xmin>
			<ymin>62</ymin>
			<xmax>474</xmax>
			<ymax>238</ymax>
		</bndbox>
	</object>
</annotation>
