<annotation>
	<folder>selected_images</folder>
	<filename>180.jpg</filename>
	<path>/home/wei/server_share/20190304/selected_images/180.jpg</path>
	<source>
		<database>Unknown</database>
	</source>
	<size>
		<width>800</width>
		<height>556</height>
		<depth>3</depth>
	</size>
	<segmented>0</segmented>
	<object>
		<name>human_face</name>
		<pose>Unspecified</pose>
		<truncated>0</truncated>
		<difficult>0</difficult>
		<bndbox>
			<xmin>253</xmin>
			<ymin>55</ymin>
			<xmax>441</xmax>
			<ymax>251</ymax>
		</bndbox>
	</object>
	<object>
		<name>fish</name>
		<pose>Unspecified</pose>
		<truncated>0</truncated>
		<difficult>0</difficult>
		<bndbox>
			<xmin>92</xmin>
			<ymin>257</ymin>
			<xmax>743</xmax>
			<ymax>518</ymax>
		</bndbox>
	</object>
</annotation>
