<annotation>
	<folder>selected_images</folder>
	<filename>181.jpg</filename>
	<path>/home/leikun/server_share/20190304/selected_images/181.jpg</path>
	<source>
		<database>Unknown</database>
	</source>
	<size>
		<width>1749</width>
		<height>1161</height>
		<depth>3</depth>
	</size>
	<segmented>0</segmented>
	<object>
		<name>fish</name>
		<pose>Unspecified</pose>
		<truncated>1</truncated>
		<difficult>0</difficult>
		<bndbox>
			<xmin>469</xmin>
			<ymin>934</ymin>
			<xmax>1079</xmax>
			<ymax>1161</ymax>
		</bndbox>
	</object>
	<object>
		<name>fish</name>
		<pose>Unspecified</pose>
		<truncated>0</truncated>
		<difficult>0</difficult>
		<bndbox>
			<xmin>112</xmin>
			<ymin>694</ymin>
			<xmax>842</xmax>
			<ymax>866</ymax>
		</bndbox>
	</object>
	<object>
		<name>fish</name>
		<pose>Unspecified</pose>
		<truncated>0</truncated>
		<difficult>0</difficult>
		<bndbox>
			<xmin>320</xmin>
			<ymin>555</ymin>
			<xmax>900</xmax>
			<ymax>672</ymax>
		</bndbox>
	</object>
	<object>
		<name>fish</name>
		<pose>Unspecified</pose>
		<truncated>0</truncated>
		<difficult>0</difficult>
		<bndbox>
			<xmin>328</xmin>
			<ymin>451</ymin>
			<xmax>824</xmax>
			<ymax>547</ymax>
		</bndbox>
	</object>
	<object>
		<name>fish</name>
		<pose>Unspecified</pose>
		<truncated>0</truncated>
		<difficult>0</difficult>
		<bndbox>
			<xmin>495</xmin>
			<ymin>271</ymin>
			<xmax>888</xmax>
			<ymax>427</ymax>
		</bndbox>
	</object>
</annotation>
