<annotation>
	<folder>selected_images</folder>
	<filename>182.jpg</filename>
	<path>/home/leikun/server_share/20190304/selected_images/182.jpg</path>
	<source>
		<database>Unknown</database>
	</source>
	<size>
		<width>800</width>
		<height>600</height>
		<depth>3</depth>
	</size>
	<segmented>0</segmented>
	<object>
		<name>human_face</name>
		<pose>Unspecified</pose>
		<truncated>0</truncated>
		<difficult>0</difficult>
		<bndbox>
			<xmin>362</xmin>
			<ymin>66</ymin>
			<xmax>467</xmax>
			<ymax>212</ymax>
		</bndbox>
	</object>
	<object>
		<name>human_face</name>
		<pose>Unspecified</pose>
		<truncated>0</truncated>
		<difficult>0</difficult>
		<bndbox>
			<xmin>242</xmin>
			<ymin>376</ymin>
			<xmax>584</xmax>
			<ymax>549</ymax>
		</bndbox>
	</object>
</annotation>
