<annotation>
	<folder>selected_images</folder>
	<filename>184.jpg</filename>
	<path>/home/wei/server_share/20190304/selected_images/184.jpg</path>
	<source>
		<database>Unknown</database>
	</source>
	<size>
		<width>450</width>
		<height>600</height>
		<depth>3</depth>
	</size>
	<segmented>0</segmented>
	<object>
		<name>fish</name>
		<pose>Unspecified</pose>
		<truncated>0</truncated>
		<difficult>0</difficult>
		<bndbox>
			<xmin>188</xmin>
			<ymin>269</ymin>
			<xmax>250</xmax>
			<ymax>520</ymax>
		</bndbox>
	</object>
</annotation>
