<annotation>
	<folder>selected_images</folder>
	<filename>185.jpg</filename>
	<path>/home/wei/server_share/20190304/selected_images/185.jpg</path>
	<source>
		<database>Unknown</database>
	</source>
	<size>
		<width>2048</width>
		<height>1536</height>
		<depth>3</depth>
	</size>
	<segmented>0</segmented>
	<object>
		<name>fish</name>
		<pose>Unspecified</pose>
		<truncated>0</truncated>
		<difficult>0</difficult>
		<bndbox>
			<xmin>442</xmin>
			<ymin>996</ymin>
			<xmax>1115</xmax>
			<ymax>1270</ymax>
		</bndbox>
	</object>
	<object>
		<name>human_face</name>
		<pose>Unspecified</pose>
		<truncated>0</truncated>
		<difficult>0</difficult>
		<bndbox>
			<xmin>656</xmin>
			<ymin>54</ymin>
			<xmax>954</xmax>
			<ymax>485</ymax>
		</bndbox>
	</object>
</annotation>
