<annotation>
	<folder>selected_images</folder>
	<filename>186.jpg</filename>
	<path>/home/wei/server_share/20190304/selected_images/186.jpg</path>
	<source>
		<database>Unknown</database>
	</source>
	<size>
		<width>1024</width>
		<height>768</height>
		<depth>3</depth>
	</size>
	<segmented>0</segmented>
	<object>
		<name>human_face</name>
		<pose>Unspecified</pose>
		<truncated>0</truncated>
		<difficult>0</difficult>
		<bndbox>
			<xmin>536</xmin>
			<ymin>110</ymin>
			<xmax>697</xmax>
			<ymax>299</ymax>
		</bndbox>
	</object>
	<object>
		<name>fish</name>
		<pose>Unspecified</pose>
		<truncated>0</truncated>
		<difficult>0</difficult>
		<bndbox>
			<xmin>224</xmin>
			<ymin>526</ymin>
			<xmax>621</xmax>
			<ymax>686</ymax>
		</bndbox>
	</object>
</annotation>
