<annotation>
	<folder>selected_images</folder>
	<filename>187.jpg</filename>
	<path>/home/wei/server_share/20190304/selected_images/187.jpg</path>
	<source>
		<database>Unknown</database>
	</source>
	<size>
		<width>600</width>
		<height>515</height>
		<depth>3</depth>
	</size>
	<segmented>0</segmented>
	<object>
		<name>fish</name>
		<pose>Unspecified</pose>
		<truncated>0</truncated>
		<difficult>0</difficult>
		<bndbox>
			<xmin>202</xmin>
			<ymin>264</ymin>
			<xmax>582</xmax>
			<ymax>479</ymax>
		</bndbox>
	</object>
	<object>
		<name>human_face</name>
		<pose>Unspecified</pose>
		<truncated>0</truncated>
		<difficult>0</difficult>
		<bndbox>
			<xmin>172</xmin>
			<ymin>97</ymin>
			<xmax>313</xmax>
			<ymax>215</ymax>
		</bndbox>
	</object>
</annotation>
