<annotation>
	<folder>selected_images</folder>
	<filename>188.jpg</filename>
	<path>/home/wei/server_share/20190304/selected_images/188.jpg</path>
	<source>
		<database>Unknown</database>
	</source>
	<size>
		<width>640</width>
		<height>480</height>
		<depth>3</depth>
	</size>
	<segmented>0</segmented>
	<object>
		<name>human_face</name>
		<pose>Unspecified</pose>
		<truncated>0</truncated>
		<difficult>0</difficult>
		<bndbox>
			<xmin>254</xmin>
			<ymin>109</ymin>
			<xmax>337</xmax>
			<ymax>187</ymax>
		</bndbox>
	</object>
	<object>
		<name>fish</name>
		<pose>Unspecified</pose>
		<truncated>0</truncated>
		<difficult>0</difficult>
		<bndbox>
			<xmin>175</xmin>
			<ymin>194</ymin>
			<xmax>507</xmax>
			<ymax>327</ymax>
		</bndbox>
	</object>
</annotation>
