<annotation>
	<folder>selected_images</folder>
	<filename>189.jpg</filename>
	<path>/home/leikun/server_share/20190304/selected_images/189.jpg</path>
	<source>
		<database>Unknown</database>
	</source>
	<size>
		<width>800</width>
		<height>600</height>
		<depth>3</depth>
	</size>
	<segmented>0</segmented>
	<object>
		<name>human_face</name>
		<pose>Unspecified</pose>
		<truncated>0</truncated>
		<difficult>0</difficult>
		<bndbox>
			<xmin>319</xmin>
			<ymin>112</ymin>
			<xmax>437</xmax>
			<ymax>267</ymax>
		</bndbox>
	</object>
	<object>
		<name>fish</name>
		<pose>Unspecified</pose>
		<truncated>0</truncated>
		<difficult>0</difficult>
		<bndbox>
			<xmin>248</xmin>
			<ymin>250</ymin>
			<xmax>563</xmax>
			<ymax>456</ymax>
		</bndbox>
	</object>
</annotation>
