<annotation>
	<folder>selected_images</folder>
	<filename>190.jpg</filename>
	<path>/home/leikun/server_share/20190304/selected_images/190.jpg</path>
	<source>
		<database>Unknown</database>
	</source>
	<size>
		<width>787</width>
		<height>551</height>
		<depth>3</depth>
	</size>
	<segmented>0</segmented>
	<object>
		<name>fish</name>
		<pose>Unspecified</pose>
		<truncated>0</truncated>
		<difficult>0</difficult>
		<bndbox>
			<xmin>413</xmin>
			<ymin>15</ymin>
			<xmax>612</xmax>
			<ymax>340</ymax>
		</bndbox>
	</object>
	<object>
		<name>human_face</name>
		<pose>Unspecified</pose>
		<truncated>0</truncated>
		<difficult>0</difficult>
		<bndbox>
			<xmin>599</xmin>
			<ymin>146</ymin>
			<xmax>766</xmax>
			<ymax>325</ymax>
		</bndbox>
	</object>
</annotation>
