<annotation>
	<folder>selected_images</folder>
	<filename>191.jpg</filename>
	<path>/home/leikun/server_share/20190304/selected_images/191.jpg</path>
	<source>
		<database>Unknown</database>
	</source>
	<size>
		<width>640</width>
		<height>480</height>
		<depth>3</depth>
	</size>
	<segmented>0</segmented>
	<object>
		<name>fish</name>
		<pose>Unspecified</pose>
		<truncated>0</truncated>
		<difficult>0</difficult>
		<bndbox>
			<xmin>152</xmin>
			<ymin>208</ymin>
			<xmax>515</xmax>
			<ymax>363</ymax>
		</bndbox>
	</object>
	<object>
		<name>human_face</name>
		<pose>Unspecified</pose>
		<truncated>0</truncated>
		<difficult>0</difficult>
		<bndbox>
			<xmin>260</xmin>
			<ymin>128</ymin>
			<xmax>345</xmax>
			<ymax>216</ymax>
		</bndbox>
	</object>
</annotation>
