<annotation>
	<folder>selected_images</folder>
	<filename>192.jpg</filename>
	<path>/home/leikun/server_share/20190304/selected_images/192.jpg</path>
	<source>
		<database>Unknown</database>
	</source>
	<size>
		<width>640</width>
		<height>480</height>
		<depth>3</depth>
	</size>
	<segmented>0</segmented>
	<object>
		<name>fish</name>
		<pose>Unspecified</pose>
		<truncated>0</truncated>
		<difficult>0</difficult>
		<bndbox>
			<xmin>24</xmin>
			<ymin>129</ymin>
			<xmax>633</xmax>
			<ymax>343</ymax>
		</bndbox>
	</object>
</annotation>
