<annotation>
	<folder>selected_images</folder>
	<filename>193.jpg</filename>
	<path>/home/leikun/server_share/20190304/selected_images/193.jpg</path>
	<source>
		<database>Unknown</database>
	</source>
	<size>
		<width>709</width>
		<height>494</height>
		<depth>3</depth>
	</size>
	<segmented>0</segmented>
	<object>
		<name>fish</name>
		<pose>Unspecified</pose>
		<truncated>0</truncated>
		<difficult>0</difficult>
		<bndbox>
			<xmin>45</xmin>
			<ymin>183</ymin>
			<xmax>703</xmax>
			<ymax>399</ymax>
		</bndbox>
	</object>
</annotation>
