<annotation>
	<folder>selected_images</folder>
	<filename>194.jpg</filename>
	<path>/home/leikun/server_share/20190304/selected_images/194.jpg</path>
	<source>
		<database>Unknown</database>
	</source>
	<size>
		<width>1024</width>
		<height>768</height>
		<depth>3</depth>
	</size>
	<segmented>0</segmented>
	<object>
		<name>human_face</name>
		<pose>Unspecified</pose>
		<truncated>0</truncated>
		<difficult>0</difficult>
		<bndbox>
			<xmin>368</xmin>
			<ymin>81</ymin>
			<xmax>530</xmax>
			<ymax>247</ymax>
		</bndbox>
	</object>
	<object>
		<name>fish</name>
		<pose>Unspecified</pose>
		<truncated>0</truncated>
		<difficult>0</difficult>
		<bndbox>
			<xmin>203</xmin>
			<ymin>482</ymin>
			<xmax>748</xmax>
			<ymax>699</ymax>
		</bndbox>
	</object>
</annotation>
