<annotation>
	<folder>selected_images</folder>
	<filename>195.jpg</filename>
	<path>/home/leikun/server_share/20190304/selected_images/195.jpg</path>
	<source>
		<database>Unknown</database>
	</source>
	<size>
		<width>1024</width>
		<height>768</height>
		<depth>3</depth>
	</size>
	<segmented>0</segmented>
	<object>
		<name>fish</name>
		<pose>Unspecified</pose>
		<truncated>0</truncated>
		<difficult>0</difficult>
		<bndbox>
			<xmin>82</xmin>
			<ymin>70</ymin>
			<xmax>904</xmax>
			<ymax>516</ymax>
		</bndbox>
	</object>
</annotation>
