<annotation>
	<folder>selected_images</folder>
	<filename>196.jpg</filename>
	<path>/home/leikun/server_share/20190304/selected_images/196.jpg</path>
	<source>
		<database>Unknown</database>
	</source>
	<size>
		<width>2304</width>
		<height>1728</height>
		<depth>3</depth>
	</size>
	<segmented>0</segmented>
	<object>
		<name>fish</name>
		<pose>Unspecified</pose>
		<truncated>0</truncated>
		<difficult>0</difficult>
		<bndbox>
			<xmin>598</xmin>
			<ymin>877</ymin>
			<xmax>2104</xmax>
			<ymax>1514</ymax>
		</bndbox>
	</object>
	<object>
		<name>human_face</name>
		<pose>Unspecified</pose>
		<truncated>0</truncated>
		<difficult>0</difficult>
		<bndbox>
			<xmin>881</xmin>
			<ymin>143</ymin>
			<xmax>1255</xmax>
			<ymax>516</ymax>
		</bndbox>
	</object>
</annotation>
