<annotation>
	<folder>selected_images</folder>
	<filename>197.jpg</filename>
	<path>/home/leikun/server_share/20190304/selected_images/197.jpg</path>
	<source>
		<database>Unknown</database>
	</source>
	<size>
		<width>800</width>
		<height>583</height>
		<depth>3</depth>
	</size>
	<segmented>0</segmented>
	<object>
		<name>fish</name>
		<pose>Unspecified</pose>
		<truncated>0</truncated>
		<difficult>0</difficult>
		<bndbox>
			<xmin>69</xmin>
			<ymin>143</ymin>
			<xmax>593</xmax>
			<ymax>380</ymax>
		</bndbox>
	</object>
</annotation>
