<annotation>
	<folder>selected_images</folder>
	<filename>198.jpg</filename>
	<path>/home/leikun/server_share/20190304/selected_images/198.jpg</path>
	<source>
		<database>Unknown</database>
	</source>
	<size>
		<width>640</width>
		<height>511</height>
		<depth>3</depth>
	</size>
	<segmented>0</segmented>
	<object>
		<name>human_face</name>
		<pose>Unspecified</pose>
		<truncated>0</truncated>
		<difficult>0</difficult>
		<bndbox>
			<xmin>169</xmin>
			<ymin>83</ymin>
			<xmax>287</xmax>
			<ymax>215</ymax>
		</bndbox>
	</object>
	<object>
		<name>fish</name>
		<pose>Unspecified</pose>
		<truncated>0</truncated>
		<difficult>0</difficult>
		<bndbox>
			<xmin>148</xmin>
			<ymin>298</ymin>
			<xmax>503</xmax>
			<ymax>467</ymax>
		</bndbox>
	</object>
</annotation>
