<annotation>
	<folder>selected_images</folder>
	<filename>199.jpg</filename>
	<path>/home/leikun/server_share/20190304/selected_images/199.jpg</path>
	<source>
		<database>Unknown</database>
	</source>
	<size>
		<width>557</width>
		<height>800</height>
		<depth>3</depth>
	</size>
	<segmented>0</segmented>
	<object>
		<name>human_face</name>
		<pose>Unspecified</pose>
		<truncated>0</truncated>
		<difficult>0</difficult>
		<bndbox>
			<xmin>239</xmin>
			<ymin>150</ymin>
			<xmax>375</xmax>
			<ymax>320</ymax>
		</bndbox>
	</object>
	<object>
		<name>fish</name>
		<pose>Unspecified</pose>
		<truncated>0</truncated>
		<difficult>0</difficult>
		<bndbox>
			<xmin>66</xmin>
			<ymin>326</ymin>
			<xmax>489</xmax>
			<ymax>503</ymax>
		</bndbox>
	</object>
</annotation>
