<annotation>
	<folder>selected_images</folder>
	<filename>200.jpg</filename>
	<path>/home/leikun/server_share/20190304/selected_images/200.jpg</path>
	<source>
		<database>Unknown</database>
	</source>
	<size>
		<width>600</width>
		<height>560</height>
		<depth>3</depth>
	</size>
	<segmented>0</segmented>
	<object>
		<name>fish</name>
		<pose>Unspecified</pose>
		<truncated>0</truncated>
		<difficult>0</difficult>
		<bndbox>
			<xmin>125</xmin>
			<ymin>297</ymin>
			<xmax>570</xmax>
			<ymax>476</ymax>
		</bndbox>
	</object>
	<object>
		<name>human_face</name>
		<pose>Unspecified</pose>
		<truncated>0</truncated>
		<difficult>0</difficult>
		<bndbox>
			<xmin>278</xmin>
			<ymin>38</ymin>
			<xmax>443</xmax>
			<ymax>229</ymax>
		</bndbox>
	</object>
</annotation>
